,geo_id,geographic_area,total_population,monthly_food_cost
1,0500000US01003,"Baldwin County, Alabama",239294,72027494
2,0500000US01015,"Calhoun County, Alabama",115972,34907572
3,0500000US01043,"Cullman County, Alabama",89496,26938296
4,0500000US01049,"DeKalb County, Alabama",71813,21615713
5,0500000US01051,"Elmore County, Alabama",89304,26880504
6,0500000US01055,"Etowah County, Alabama",103162,31051762
7,0500000US01069,"Houston County, Alabama",107458,32344858
8,0500000US01073,"Jefferson County, Alabama",667820,201013820
9,0500000US01077,"Lauderdale County, Alabama",94043,28306943
10,0500000US01081,"Lee County, Alabama",177218,53342618
11,0500000US01083,"Limestone County, Alabama",107517,32362617
12,0500000US01089,"Madison County, Alabama",395211,118958511
13,0500000US01095,"Marshall County, Alabama",98228,29566628
14,0500000US01097,"Mobile County, Alabama",413073,124334973
15,0500000US01101,"Montgomery County, Alabama",227434,68457634
16,0500000US01103,"Morgan County, Alabama",123668,37224068
17,0500000US01115,"St. Clair County, Alabama",92748,27917148
18,0500000US01117,"Shelby County, Alabama",226902,68297502
19,0500000US01121,"Talladega County, Alabama",81524,24538724
20,0500000US01125,"Tuscaloosa County, Alabama",227007,68329107
21,0500000US02020,"Anchorage Municipality, Alaska",288121,86724421
22,0500000US02090,"Fairbanks North Star Borough, Alaska",95593,28773493
23,0500000US02170,"Matanuska-Susitna Borough, Alaska",110686,33316486
24,0500000US04001,"Apache County, Arizona",65623,19752523
25,0500000US04003,"Cochise County, Arizona",126050,37941050
26,0500000US04005,"Coconino County, Arizona",145052,43660652
27,0500000US04013,"Maricopa County, Arizona",4496588,1353472988
28,0500000US04015,"Mohave County, Arizona",217692,65525292
29,0500000US04017,"Navajo County, Arizona",108147,32552247
30,0500000US04019,"Pima County, Arizona",1052030,316661030
31,0500000US04021,"Pinal County, Arizona",449557,135316657
32,0500000US04025,"Yavapai County, Arizona",242253,72918153
33,0500000US04027,"Yuma County, Arizona",206990,62303990
34,0500000US05007,"Benton County, Arkansas",293692,88401292
35,0500000US05031,"Craighead County, Arkansas",112218,33777618
36,0500000US05045,"Faulkner County, Arkansas",125106,37656906
37,0500000US05051,"Garland County, Arkansas",100330,30199330
38,0500000US05069,"Jefferson County, Arkansas",65861,19824161
39,0500000US05085,"Lonoke County, Arkansas",74722,22491322
40,0500000US05119,"Pulaski County, Arkansas",397821,119744121
41,0500000US05125,"Saline County, Arkansas",125233,37695133
42,0500000US05131,"Sebastian County, Arkansas",128400,38648400
43,0500000US05143,"Washington County, Arkansas",250057,75267157
44,0500000US05145,"White County, Arkansas",77207,23239307
45,0500000US06001,"Alameda County, California",1648556,496215356
46,0500000US06007,"Butte County, California",208309,62701009
47,0500000US06013,"Contra Costa County, California",1161413,349585313
48,0500000US06017,"El Dorado County, California",193221,58159521
49,0500000US06019,"Fresno County, California",1013581,305087881
50,0500000US06023,"Humboldt County, California",136310,41029310
51,0500000US06025,"Imperial County, California",179851,54135151
52,0500000US06029,"Kern County, California",917673,276219573
53,0500000US06031,"Kings County, California",153443,46186343
54,0500000US06033,"Lake County, California",68766,20698566
55,0500000US06037,"Los Angeles County, California",9829544,2958692744
56,0500000US06039,"Madera County, California",159410,47982410
57,0500000US06041,"Marin County, California",260206,78322006
58,0500000US06045,"Mendocino County, California",91305,27482805
59,0500000US06047,"Merced County, California",286461,86224761
60,0500000US06053,"Monterey County, California",437325,131634825
61,0500000US06055,"Napa County, California",136207,40998307
62,0500000US06057,"Nevada County, California",103487,31149587
63,0500000US06059,"Orange County, California",3167809,953510509
64,0500000US06061,"Placer County, California",412300,124102300
65,0500000US06065,"Riverside County, California",2458395,739976895
66,0500000US06067,"Sacramento County, California",1588921,478265221
67,0500000US06069,"San Benito County, California",66677,20069777
68,0500000US06071,"San Bernardino County, California",2194710,660607710
69,0500000US06073,"San Diego County, California",3286069,989106769
70,0500000US06075,"San Francisco County, California",815201,245375501
71,0500000US06077,"San Joaquin County, California",789410,237612410
72,0500000US06079,"San Luis Obispo County, California",283159,85230859
73,0500000US06081,"San Mateo County, California",737888,222104288
74,0500000US06083,"Santa Barbara County, California",446475,134388975
75,0500000US06085,"Santa Clara County, California",1885508,567537908
76,0500000US06087,"Santa Cruz County, California",267792,80605392
77,0500000US06089,"Shasta County, California",182139,54823839
78,0500000US06095,"Solano County, California",451716,135966516
79,0500000US06097,"Sonoma County, California",485887,146251987
80,0500000US06099,"Stanislaus County, California",552999,166452699
81,0500000US06101,"Sutter County, California",99063,29817963
82,0500000US06103,"Tehama County, California",65498,19714898
83,0500000US06107,"Tulare County, California",477054,143593254
84,0500000US06111,"Ventura County, California",839784,252774984
85,0500000US06113,"Yolo County, California",216986,65312786
86,0500000US06115,"Yuba County, California",83421,25109721
87,0500000US08001,"Adams County, Colorado",522140,157164140
88,0500000US08005,"Arapahoe County, Colorado",654900,197124900
89,0500000US08013,"Boulder County, Colorado",329543,99192443
90,0500000US08014,"Broomfield County, Colorado",75325,22672825
91,0500000US08031,"Denver County, Colorado",711463,214150363
92,0500000US08035,"Douglas County, Colorado",368990,111065990
93,0500000US08041,"El Paso County, Colorado",737867,222097967
94,0500000US08059,"Jefferson County, Colorado",579581,174453881
95,0500000US08069,"Larimer County, Colorado",362533,109122433
96,0500000US08077,"Mesa County, Colorado",157335,47357835
97,0500000US08101,"Pueblo County, Colorado",169622,51056222
98,0500000US08123,"Weld County, Colorado",340036,102350836
99,0500000US09001,"Fairfield County, Connecticut",959768,288890168
100,0500000US09003,"Hartford County, Connecticut",896854,269953054
101,0500000US09005,"Litchfield County, Connecticut",185000,55685000
102,0500000US09007,"Middlesex County, Connecticut",164759,49592459
103,0500000US09009,"New Haven County, Connecticut",863700,259973700
104,0500000US09011,"New London County, Connecticut",268805,80910305
105,0500000US09013,"Tolland County, Connecticut",150293,45238193
106,0500000US09015,"Windham County, Connecticut",116418,35041818
107,0500000US10001,"Kent County, Delaware",184149,55428849
108,0500000US10003,"New Castle County, Delaware",571708,172084108
109,0500000US10005,"Sussex County, Delaware",247527,74505627
110,0500000US11001,"District of Columbia, District of Columbia",670050,201685050
111,0500000US12001,"Alachua County, Florida",279238,84050638
112,0500000US12005,"Bay County, Florida",179168,53929568
113,0500000US12009,"Brevard County, Florida",616628,185605028
114,0500000US12011,"Broward County, Florida",1930983,581225883
115,0500000US12015,"Charlotte County, Florida",194843,58647743
116,0500000US12017,"Citrus County, Florida",158083,47582983
117,0500000US12019,"Clay County, Florida",222361,66930661
118,0500000US12021,"Collier County, Florida",385980,116179980
119,0500000US12023,"Columbia County, Florida",70385,21185885
120,0500000US12031,"Duval County, Florida",999935,300980435
121,0500000US12033,"Escambia County, Florida",322390,97039390
122,0500000US12035,"Flagler County, Florida",120932,36400532
123,0500000US12053,"Hernando County, Florida",200638,60392038
124,0500000US12055,"Highlands County, Florida",103296,31092096
125,0500000US12057,"Hillsborough County, Florida",1478194,444936394
126,0500000US12061,"Indian River County, Florida",163662,49262262
127,0500000US12069,"Lake County, Florida",395804,119137004
128,0500000US12071,"Lee County, Florida",787976,237180776
129,0500000US12073,"Leon County, Florida",292817,88137917
130,0500000US12081,"Manatee County, Florida",412703,124223603
131,0500000US12083,"Marion County, Florida",385915,116160415
132,0500000US12085,"Martin County, Florida",159942,48142542
133,0500000US12086,"Miami-Dade County, Florida",2662777,801495877
134,0500000US12087,"Monroe County, Florida",82170,24733170
135,0500000US12089,"Nassau County, Florida",94189,28350889
136,0500000US12091,"Okaloosa County, Florida",213255,64189755
137,0500000US12095,"Orange County, Florida",1422746,428246546
138,0500000US12097,"Osceola County, Florida",403282,121387882
139,0500000US12099,"Palm Beach County, Florida",1497987,450894087
140,0500000US12101,"Pasco County, Florida",584067,175804167
141,0500000US12103,"Pinellas County, Florida",956615,287941115
142,0500000US12105,"Polk County, Florida",753520,226809520
143,0500000US12107,"Putnam County, Florida",74167,22324267
144,0500000US12109,"St. Johns County, Florida",292466,88032266
145,0500000US12111,"St. Lucie County, Florida",343579,103417279
146,0500000US12113,"Santa Rosa County, Florida",193998,58393398
147,0500000US12115,"Sarasota County, Florida",447057,134564157
148,0500000US12117,"Seminole County, Florida",470093,141497993
149,0500000US12119,"Sumter County, Florida",135638,40827038
150,0500000US12127,"Volusia County, Florida",564412,169888012
151,0500000US12131,"Walton County, Florida",80069,24100769
152,0500000US13013,"Barrow County, Georgia",86658,26084058
153,0500000US13015,"Bartow County, Georgia",110843,33363743
154,0500000US13021,"Bibb County, Georgia",156762,47185362
155,0500000US13031,"Bulloch County, Georgia",82442,24815042
156,0500000US13045,"Carroll County, Georgia",121968,36712368
157,0500000US13047,"Catoosa County, Georgia",68397,20587497
158,0500000US13051,"Chatham County, Georgia",296329,89195029
159,0500000US13057,"Cherokee County, Georgia",274615,82659115
160,0500000US13059,"Clarke County, Georgia",128711,38742011
161,0500000US13063,"Clayton County, Georgia",297100,89427100
162,0500000US13067,"Cobb County, Georgia",766802,230807402
163,0500000US13073,"Columbia County, Georgia",159639,48051339
164,0500000US13077,"Coweta County, Georgia",149956,45136756
165,0500000US13089,"DeKalb County, Georgia",757718,228073118
166,0500000US13095,"Dougherty County, Georgia",84844,25538044
167,0500000US13097,"Douglas County, Georgia",145814,43890014
168,0500000US13103,"Effingham County, Georgia",66741,20089041
169,0500000US13113,"Fayette County, Georgia",120574,36292774
170,0500000US13115,"Floyd County, Georgia",98771,29730071
171,0500000US13117,"Forsyth County, Georgia",260206,78322006
172,0500000US13121,"Fulton County, Georgia",1065334,320665534
173,0500000US13127,"Glynn County, Georgia",84739,25506439
174,0500000US13135,"Gwinnett County, Georgia",964546,290328346
175,0500000US13139,"Hall County, Georgia",207369,62418069
176,0500000US13151,"Henry County, Georgia",245235,73815735
177,0500000US13153,"Houston County, Georgia",166829,50215529
178,0500000US13157,"Jackson County, Georgia",80286,24166086
179,0500000US13179,"Liberty County, Georgia",65711,19779011
180,0500000US13185,"Lowndes County, Georgia",119276,35902076
181,0500000US13215,"Muscogee County, Georgia",205617,61890717
182,0500000US13217,"Newton County, Georgia",115355,34721855
183,0500000US13223,"Paulding County, Georgia",173780,52307780
184,0500000US13245,"Richmond County, Georgia",205673,61907573
185,0500000US13247,"Rockdale County, Georgia",94082,28318682
186,0500000US13255,"Spalding County, Georgia",67909,20440609
187,0500000US13285,"Troup County, Georgia",69720,20985720
188,0500000US13295,"Walker County, Georgia",68510,20621510
189,0500000US13297,"Walton County, Georgia",99853,30055753
190,0500000US13313,"Whitfield County, Georgia",102848,30957248
191,0500000US15001,"Hawaii County, Hawaii",202906,61074706
192,0500000US15003,"Honolulu County, Hawaii",1000890,301267890
193,0500000US15007,"Kauai County, Hawaii",73454,22109654
194,0500000US15009,"Maui County, Hawaii",164268,49444668
195,0500000US16001,"Ada County, Idaho",511931,154091231
196,0500000US16005,"Bannock County, Idaho",88263,26567163
197,0500000US16019,"Bonneville County, Idaho",127930,38506930
198,0500000US16027,"Canyon County, Idaho",243115,73177615
199,0500000US16055,"Kootenai County, Idaho",179789,54116489
200,0500000US16083,"Twin Falls County, Idaho",92243,27765143
201,0500000US17019,"Champaign County, Illinois",205943,61988843
202,0500000US17031,"Cook County, Illinois",5173146,1557116946
203,0500000US17037,"DeKalb County, Illinois",100414,30224614
204,0500000US17043,"DuPage County, Illinois",924885,278390385
205,0500000US17089,"Kane County, Illinois",515588,155191988
206,0500000US17091,"Kankakee County, Illinois",106601,32086901
207,0500000US17093,"Kendall County, Illinois",134867,40594967
208,0500000US17097,"Lake County, Illinois",711239,214082939
209,0500000US17099,"LaSalle County, Illinois",108965,32798465
210,0500000US17111,"McHenry County, Illinois",311122,93647722
211,0500000US17113,"McLean County, Illinois",170889,51437589
212,0500000US17115,"Macon County, Illinois",102432,30832032
213,0500000US17119,"Madison County, Illinois",264490,79611490
214,0500000US17143,"Peoria County, Illinois",179432,54009032
215,0500000US17161,"Rock Island County, Illinois",142909,43015609
216,0500000US17163,"St. Clair County, Illinois",254796,76693596
217,0500000US17167,"Sangamon County, Illinois",194734,58614934
218,0500000US17179,"Tazewell County, Illinois",130413,39254313
219,0500000US17183,"Vermilion County, Illinois",73095,22001595
220,0500000US17197,"Will County, Illinois",697252,209872852
221,0500000US17199,"Williamson County, Illinois",66879,20130579
222,0500000US17201,"Winnebago County, Illinois",283119,85218819
223,0500000US18003,"Allen County, Indiana",388608,116971008
224,0500000US18005,"Bartholomew County, Indiana",82475,24824975
225,0500000US18011,"Boone County, Indiana",73052,21988652
226,0500000US18019,"Clark County, Indiana",122738,36944138
227,0500000US18035,"Delaware County, Indiana",111871,33673171
228,0500000US18039,"Elkhart County, Indiana",206921,62283221
229,0500000US18043,"Floyd County, Indiana",80454,24216654
230,0500000US18053,"Grant County, Indiana",66263,19945163
231,0500000US18057,"Hamilton County, Indiana",356650,107351650
232,0500000US18059,"Hancock County, Indiana",81789,24618489
233,0500000US18063,"Hendricks County, Indiana",179355,53985855
234,0500000US18067,"Howard County, Indiana",83687,25189787
235,0500000US18081,"Johnson County, Indiana",164298,49453698
236,0500000US18085,"Kosciusko County, Indiana",80106,24111906
237,0500000US18089,"Lake County, Indiana",498558,150065958
238,0500000US18091,"LaPorte County, Indiana",112390,33829390
239,0500000US18095,"Madison County, Indiana",130782,39365382
240,0500000US18097,"Marion County, Indiana",971102,292301702
241,0500000US18105,"Monroe County, Indiana",139875,42102375
242,0500000US18109,"Morgan County, Indiana",72206,21734006
243,0500000US18127,"Porter County, Indiana",174243,52447143
244,0500000US18141,"St. Joseph County, Indiana",272212,81935812
245,0500000US18157,"Tippecanoe County, Indiana",187076,56309876
246,0500000US18163,"Vanderburgh County, Indiana",179987,54176087
247,0500000US18167,"Vigo County, Indiana",105994,31904194
248,0500000US18177,"Wayne County, Indiana",66456,20003256
249,0500000US19013,"Black Hawk County, Iowa",130368,39240768
250,0500000US19049,"Dallas County, Iowa",103796,31242596
251,0500000US19061,"Dubuque County, Iowa",98718,29714118
252,0500000US19103,"Johnson County, Iowa",154748,46579148
253,0500000US19113,"Linn County, Iowa",228939,68910639
254,0500000US19153,"Polk County, Iowa",496844,149550044
255,0500000US19155,"Pottawattamie County, Iowa",93304,28084504
256,0500000US19163,"Scott County, Iowa",174170,52425170
257,0500000US19169,"Story County, Iowa",99472,29941072
258,0500000US19193,"Woodbury County, Iowa",105607,31787707
259,0500000US20015,"Butler County, Kansas",67889,20434589
260,0500000US20045,"Douglas County, Kansas",119363,35928263
261,0500000US20091,"Johnson County, Kansas",613219,184578919
262,0500000US20103,"Leavenworth County, Kansas",82184,24737384
263,0500000US20161,"Riley County, Kansas",72208,21734608
264,0500000US20173,"Sedgwick County, Kansas",523828,157672228
265,0500000US20177,"Shawnee County, Kansas",178264,53657464
266,0500000US20209,"Wyandotte County, Kansas",167046,50280846
267,0500000US21015,"Boone County, Kentucky",137412,41361012
268,0500000US21029,"Bullitt County, Kentucky",82918,24958318
269,0500000US21037,"Campbell County, Kentucky",93050,28008050
270,0500000US21047,"Christian County, Kentucky",72357,21779457
271,0500000US21059,"Daviess County, Kentucky",103063,31021963
272,0500000US21067,"Fayette County, Kentucky",321793,96859693
273,0500000US21093,"Hardin County, Kentucky",111607,33593707
274,0500000US21111,"Jefferson County, Kentucky",777874,234140074
275,0500000US21117,"Kenton County, Kentucky",169495,51017995
276,0500000US21145,"McCracken County, Kentucky",67454,20303654
277,0500000US21151,"Madison County, Kentucky",94666,28494466
278,0500000US21185,"Oldham County, Kentucky",68685,20674185
279,0500000US21199,"Pulaski County, Kentucky",65423,19692323
280,0500000US21227,"Warren County, Kentucky",137212,41300812
281,0500000US22005,"Ascension Parish, Louisiana",128369,38639069
282,0500000US22015,"Bossier Parish, Louisiana",129144,38872344
283,0500000US22017,"Caddo Parish, Louisiana",233092,70160692
284,0500000US22019,"Calcasieu Parish, Louisiana",205282,61789882
285,0500000US22033,"East Baton Rouge Parish, Louisiana",453301,136443601
286,0500000US22045,"Iberia Parish, Louisiana",68975,20761475
287,0500000US22051,"Jefferson Parish, Louisiana",433688,130540088
288,0500000US22055,"Lafayette Parish, Louisiana",244205,73505705
289,0500000US22057,"Lafourche Parish, Louisiana",97504,29348704
290,0500000US22063,"Livingston Parish, Louisiana",145830,43894830
291,0500000US22071,"Orleans Parish, Louisiana",376971,113468271
292,0500000US22073,"Ouachita Parish, Louisiana",158768,47789168
293,0500000US22079,"Rapides Parish, Louisiana",128654,38724854
294,0500000US22097,"St. Landry Parish, Louisiana",82071,24703371
295,0500000US22103,"St. Tammany Parish, Louisiana",269388,81085788
296,0500000US22105,"Tangipahoa Parish, Louisiana",135217,40700317
297,0500000US22109,"Terrebonne Parish, Louisiana",108708,32721108
298,0500000US23001,"Androscoggin County, Maine",111034,33421234
299,0500000US23003,"Aroostook County, Maine",66859,20124559
300,0500000US23005,"Cumberland County, Maine",305231,91874531
301,0500000US23011,"Kennebec County, Maine",124486,37470286
302,0500000US23019,"Penobscot County, Maine",152765,45982265
303,0500000US23031,"York County, Maine",214591,64591891
304,0500000US24001,"Allegany County, Maryland",67729,20386429
305,0500000US24003,"Anne Arundel County, Maryland",590336,177691136
306,0500000US24005,"Baltimore County, Maryland",849316,255644116
307,0500000US24009,"Calvert County, Maryland",93928,28272328
308,0500000US24013,"Carroll County, Maryland",173873,52335773
309,0500000US24015,"Cecil County, Maryland",103905,31275405
310,0500000US24017,"Charles County, Maryland",168698,50778098
311,0500000US24021,"Frederick County, Maryland",279835,84230335
312,0500000US24025,"Harford County, Maryland",262977,79156077
313,0500000US24027,"Howard County, Maryland",334529,100693229
314,0500000US24031,"Montgomery County, Maryland",1054827,317502927
315,0500000US24033,"Prince George's County, Maryland",955306,287547106
316,0500000US24037,"St. Mary's County, Maryland",114468,34454868
317,0500000US24043,"Washington County, Maryland",154937,46636037
318,0500000US24045,"Wicomico County, Maryland",103980,31297980
319,0500000US24510,"Baltimore city, Maryland",576498,173525898
320,0500000US25001,"Barnstable County, Massachusetts",232411,69955711
321,0500000US25003,"Berkshire County, Massachusetts",128657,38725757
322,0500000US25005,"Bristol County, Massachusetts",580164,174629364
323,0500000US25009,"Essex County, Massachusetts",807074,242929274
324,0500000US25011,"Franklin County, Massachusetts",71015,21375515
325,0500000US25013,"Hampden County, Massachusetts",462718,139278118
326,0500000US25015,"Hampshire County, Massachusetts",161572,48633172
327,0500000US25017,"Middlesex County, Massachusetts",1614742,486037342
328,0500000US25021,"Norfolk County, Massachusetts",724505,218076005
329,0500000US25023,"Plymouth County, Massachusetts",533003,160433903
330,0500000US25025,"Suffolk County, Massachusetts",771245,232144745
331,0500000US25027,"Worcester County, Massachusetts",862029,259470729
332,0500000US26005,"Allegan County, Michigan",120950,36405950
333,0500000US26017,"Bay County, Michigan",102985,30998485
334,0500000US26021,"Berrien County, Michigan",153101,46083401
335,0500000US26025,"Calhoun County, Michigan",133819,40279519
336,0500000US26037,"Clinton County, Michigan",79426,23907226
337,0500000US26045,"Eaton County, Michigan",108944,32792144
338,0500000US26049,"Genesee County, Michigan",404208,121666608
339,0500000US26055,"Grand Traverse County, Michigan",95860,28853860
340,0500000US26065,"Ingham County, Michigan",284034,85494234
341,0500000US26067,"Ionia County, Michigan",67197,20226297
342,0500000US26075,"Jackson County, Michigan",160050,48175050
343,0500000US26077,"Kalamazoo County, Michigan",261108,78593508
344,0500000US26081,"Kent County, Michigan",658046,198071846
345,0500000US26087,"Lapeer County, Michigan",88513,26642413
346,0500000US26091,"Lenawee County, Michigan",98956,29785756
347,0500000US26093,"Livingston County, Michigan",195014,58699214
348,0500000US26099,"Macomb County, Michigan",876792,263914392
349,0500000US26103,"Marquette County, Michigan",66103,19897003
350,0500000US26111,"Midland County, Michigan",83457,25120557
351,0500000US26115,"Monroe County, Michigan",155274,46737474
352,0500000US26117,"Montcalm County, Michigan",67220,20233220
353,0500000US26121,"Muskegon County, Michigan",176511,53129811
354,0500000US26125,"Oakland County, Michigan",1270017,382275117
355,0500000US26139,"Ottawa County, Michigan",299157,90046257
356,0500000US26145,"Saginaw County, Michigan",189591,57066891
357,0500000US26147,"St. Clair County, Michigan",160053,48175953
358,0500000US26155,"Shiawassee County, Michigan",67877,20430977
359,0500000US26159,"Van Buren County, Michigan",75658,22773058
360,0500000US26161,"Washtenaw County, Michigan",369390,111186390
361,0500000US26163,"Wayne County, Michigan",1774816,534219616
362,0500000US27003,"Anoka County, Minnesota",367018,110472418
363,0500000US27013,"Blue Earth County, Minnesota",69280,20853280
364,0500000US27019,"Carver County, Minnesota",108626,32696426
365,0500000US27027,"Clay County, Minnesota",65574,19737774
366,0500000US27035,"Crow Wing County, Minnesota",67270,20248270
367,0500000US27037,"Dakota County, Minnesota",442038,133053438
368,0500000US27053,"Hennepin County, Minnesota",1267416,381492216
369,0500000US27109,"Olmsted County, Minnesota",163436,49194236
370,0500000US27123,"Ramsey County, Minnesota",543257,163520357
371,0500000US27131,"Rice County, Minnesota",67262,20245862
372,0500000US27137,"St. Louis County, Minnesota",199182,59953782
373,0500000US27139,"Scott County, Minnesota",153268,46133668
374,0500000US27141,"Sherburne County, Minnesota",99074,29821274
375,0500000US27145,"Stearns County, Minnesota",158947,47843047
376,0500000US27163,"Washington County, Minnesota",272256,81949056
377,0500000US27171,"Wright County, Minnesota",144845,43598345
378,0500000US28033,"DeSoto County, Mississippi",188633,56778533
379,0500000US28035,"Forrest County, Mississippi",77875,23440375
380,0500000US28047,"Harrison County, Mississippi",209396,63028196
381,0500000US28049,"Hinds County, Mississippi",222679,67026379
382,0500000US28059,"Jackson County, Mississippi",143987,43340087
383,0500000US28067,"Jones County, Mississippi",66744,20089944
384,0500000US28073,"Lamar County, Mississippi",65353,19671253
385,0500000US28075,"Lauderdale County, Mississippi",72088,21698488
386,0500000US28081,"Lee County, Mississippi",82883,24947783
387,0500000US28089,"Madison County, Mississippi",109813,33053713
388,0500000US28121,"Rankin County, Mississippi",158096,47586896
389,0500000US29019,"Boone County, Missouri",185840,55937840
390,0500000US29021,"Buchanan County, Missouri",83853,25239753
391,0500000US29031,"Cape Girardeau County, Missouri",82113,24716013
392,0500000US29037,"Cass County, Missouri",109638,33001038
393,0500000US29043,"Christian County, Missouri",91499,27541199
394,0500000US29047,"Clay County, Missouri",255518,76910918
395,0500000US29051,"Cole County, Missouri",77205,23238705
396,0500000US29071,"Franklin County, Missouri",105231,31674531
397,0500000US29077,"Greene County, Missouri",300865,90560365
398,0500000US29095,"Jackson County, Missouri",716862,215775462
399,0500000US29097,"Jasper County, Missouri",123155,37069655
400,0500000US29099,"Jefferson County, Missouri",227771,68559071
401,0500000US29165,"Platte County, Missouri",108569,32679269
402,0500000US29183,"St. Charles County, Missouri",409981,123404281
403,0500000US29187,"St. Francois County, Missouri",67541,20329841
404,0500000US29189,"St. Louis County, Missouri",997187,300153287
405,0500000US29510,"St. Louis city, Missouri",293310,88286310
406,0500000US30013,"Cascade County, Montana",84511,25437811
407,0500000US30029,"Flathead County, Montana",108454,32644654
408,0500000US30031,"Gallatin County, Montana",122713,36936613
409,0500000US30049,"Lewis and Clark County, Montana",72223,21739123
410,0500000US30063,"Missoula County, Montana",119533,35979433
411,0500000US30111,"Yellowstone County, Montana",167146,50310946
412,0500000US31055,"Douglas County, Nebraska",585008,176087408
413,0500000US31109,"Lancaster County, Nebraska",324514,97678714
414,0500000US31153,"Sarpy County, Nebraska",193418,58218818
415,0500000US32003,"Clark County, Nevada",2292476,690035276
416,0500000US32031,"Washoe County, Nevada",493392,148510992
417,0500000US33005,"Cheshire County, New Hampshire",77329,23276029
418,0500000US33009,"Grafton County, New Hampshire",92201,27752501
419,0500000US33011,"Hillsborough County, New Hampshire",424079,127647779
420,0500000US33013,"Merrimack County, New Hampshire",155238,46726638
421,0500000US33015,"Rockingham County, New Hampshire",316947,95401047
422,0500000US33017,"Strafford County, New Hampshire",132416,39857216
423,0500000US34001,"Atlantic County, New Jersey",274966,82764766
424,0500000US34003,"Bergen County, New Jersey",953819,287099519
425,0500000US34005,"Burlington County, New Jersey",464269,139744969
426,0500000US34007,"Camden County, New Jersey",523771,157655071
427,0500000US34009,"Cape May County, New Jersey",95661,28793961
428,0500000US34011,"Cumberland County, New Jersey",153627,46241727
429,0500000US34013,"Essex County, New Jersey",854917,257330017
430,0500000US34015,"Gloucester County, New Jersey",304477,91647577
431,0500000US34017,"Hudson County, New Jersey",702463,211441363
432,0500000US34019,"Hunterdon County, New Jersey",129924,39107124
433,0500000US34021,"Mercer County, New Jersey",385898,116155298
434,0500000US34023,"Middlesex County, New Jersey",860807,259102907
435,0500000US34025,"Monmouth County, New Jersey",645354,194251554
436,0500000US34027,"Morris County, New Jersey",510981,153805281
437,0500000US34029,"Ocean County, New Jersey",648998,195348398
438,0500000US34031,"Passaic County, New Jersey",518117,155953217
439,0500000US34033,"Salem County, New Jersey",65046,19578846
440,0500000US34035,"Somerset County, New Jersey",345647,104039747
441,0500000US34037,"Sussex County, New Jersey",145543,43808443
442,0500000US34039,"Union County, New Jersey",572114,172206314
443,0500000US34041,"Warren County, New Jersey",110731,33330031
444,0500000US35001,"Bernalillo County, New Mexico",674393,202992293
445,0500000US35013,"Doña Ana County, New Mexico",221508,66673908
446,0500000US35025,"Lea County, New Mexico",73004,21974204
447,0500000US35031,"McKinley County, New Mexico",71780,21605780
448,0500000US35035,"Otero County, New Mexico",68537,20629637
449,0500000US35043,"Sandoval County, New Mexico",151369,45562069
450,0500000US35045,"San Juan County, New Mexico",120993,36418893
451,0500000US35049,"Santa Fe County, New Mexico",155201,46715501
452,0500000US35061,"Valencia County, New Mexico",77190,23234190
453,0500000US36001,"Albany County, New York",313743,94436643
454,0500000US36005,"Bronx County, New York",1424948,428909348
455,0500000US36007,"Broome County, New York",197240,59369240
456,0500000US36009,"Cattaraugus County, New York",76426,23004226
457,0500000US36011,"Cayuga County, New York",75880,22839880
458,0500000US36013,"Chautauqua County, New York",126807,38168907
459,0500000US36015,"Chemung County, New York",83045,24996545
460,0500000US36019,"Clinton County, New York",79596,23958396
461,0500000US36027,"Dutchess County, New York",297112,89430712
462,0500000US36029,"Erie County, New York",950683,286155583
463,0500000US36045,"Jefferson County, New York",116295,35004795
464,0500000US36047,"Kings County, New York",2641052,794956652
465,0500000US36053,"Madison County, New York",67658,20365058
466,0500000US36055,"Monroe County, New York",755160,227303160
467,0500000US36059,"Nassau County, New York",1390907,418663007
468,0500000US36061,"New York County, New York",1576876,474639676
469,0500000US36063,"Niagara County, New York",211653,63707553
470,0500000US36065,"Oneida County, New York",230274,69312474
471,0500000US36067,"Onondaga County, New York",473236,142444036
472,0500000US36069,"Ontario County, New York",112508,33864908
473,0500000US36071,"Orange County, New York",404525,121762025
474,0500000US36075,"Oswego County, New York",117387,35333487
475,0500000US36079,"Putnam County, New York",97936,29478736
476,0500000US36081,"Queens County, New York",2331143,701674043
477,0500000US36083,"Rensselaer County, New York",160232,48229832
478,0500000US36085,"Richmond County, New York",493494,148541694
479,0500000US36087,"Rockland County, New York",339227,102107327
480,0500000US36089,"St. Lawrence County, New York",108051,32523351
481,0500000US36091,"Saratoga County, New York",237359,71445059
482,0500000US36093,"Schenectady County, New York",158089,47584789
483,0500000US36101,"Steuben County, New York",92948,27977348
484,0500000US36103,"Suffolk County, New York",1526344,459429544
485,0500000US36105,"Sullivan County, New York",79806,24021606
486,0500000US36109,"Tompkins County, New York",105162,31653762
487,0500000US36111,"Ulster County, New York",182951,55068251
488,0500000US36113,"Warren County, New York",65618,19751018
489,0500000US36117,"Wayne County, New York",90923,27367823
490,0500000US36119,"Westchester County, New York",997895,300366395
491,0500000US37001,"Alamance County, North Carolina",173877,52336977
492,0500000US37019,"Brunswick County, North Carolina",144215,43408715
493,0500000US37021,"Buncombe County, North Carolina",271534,81731734
494,0500000US37023,"Burke County, North Carolina",87611,26370911
495,0500000US37025,"Cabarrus County, North Carolina",231278,69614678
496,0500000US37027,"Caldwell County, North Carolina",80463,24219363
497,0500000US37031,"Carteret County, North Carolina",68541,20630841
498,0500000US37035,"Catawba County, North Carolina",161723,48678623
499,0500000US37037,"Chatham County, North Carolina",77889,23444589
500,0500000US37045,"Cleveland County, North Carolina",100359,30208059
501,0500000US37049,"Craven County, North Carolina",100674,30302874
502,0500000US37051,"Cumberland County, North Carolina",335508,100987908
503,0500000US37057,"Davidson County, North Carolina",170637,51361737
504,0500000US37063,"Durham County, North Carolina",326126,98163926
505,0500000US37067,"Forsyth County, North Carolina",385523,116042423
506,0500000US37069,"Franklin County, North Carolina",71703,21582603
507,0500000US37071,"Gaston County, North Carolina",230856,69487656
508,0500000US37081,"Guilford County, North Carolina",542410,163265410
509,0500000US37085,"Harnett County, North Carolina",135966,40925766
510,0500000US37089,"Henderson County, North Carolina",116829,35165529
511,0500000US37097,"Iredell County, North Carolina",191968,57782368
512,0500000US37101,"Johnston County, North Carolina",226504,68177704
513,0500000US37109,"Lincoln County, North Carolina",89670,26990670
514,0500000US37119,"Mecklenburg County, North Carolina",1122276,337805076
515,0500000US37125,"Moore County, North Carolina",102763,30931663
516,0500000US37127,"Nash County, North Carolina",95176,28647976
517,0500000US37129,"New Hanover County, North Carolina",229018,68934418
518,0500000US37133,"Onslow County, North Carolina",206160,62054160
519,0500000US37135,"Orange County, North Carolina",148884,44814084
520,0500000US37147,"Pitt County, North Carolina",172169,51822869
521,0500000US37151,"Randolph County, North Carolina",145172,43696772
522,0500000US37155,"Robeson County, North Carolina",116328,35014728
523,0500000US37157,"Rockingham County, North Carolina",91266,27471066
524,0500000US37159,"Rowan County, North Carolina",148150,44593150
525,0500000US37171,"Surry County, North Carolina",71152,21416752
526,0500000US37179,"Union County, North Carolina",243648,73338048
527,0500000US37183,"Wake County, North Carolina",1150204,346211404
528,0500000US37191,"Wayne County, North Carolina",116835,35167335
529,0500000US37193,"Wilkes County, North Carolina",65806,19807606
530,0500000US37195,"Wilson County, North Carolina",78369,23589069
531,0500000US38015,"Burleigh County, North Dakota",98933,29778833
532,0500000US38017,"Cass County, North Dakota",186562,56155162
533,0500000US38035,"Grand Forks County, North Dakota",72705,21884205
534,0500000US38101,"Ward County, North Dakota",69071,20790371
535,0500000US39003,"Allen County, Ohio",101670,30602670
536,0500000US39007,"Ashtabula County, Ohio",97337,29298437
537,0500000US39013,"Belmont County, Ohio",65849,19820549
538,0500000US39017,"Butler County, Ohio",390234,117460434
539,0500000US39023,"Clark County, Ohio",135633,40825533
540,0500000US39025,"Clermont County, Ohio",209642,63102242
541,0500000US39029,"Columbiana County, Ohio",101310,30494310
542,0500000US39035,"Cuyahoga County, Ohio",1249387,376065487
543,0500000US39041,"Delaware County, Ohio",220740,66442740
544,0500000US39043,"Erie County, Ohio",74852,22530452
545,0500000US39045,"Fairfield County, Ohio",161064,48480264
546,0500000US39049,"Franklin County, Ohio",1321414,397745614
547,0500000US39055,"Geauga County, Ohio",95565,28765065
548,0500000US39057,"Greene County, Ohio",168412,50692012
549,0500000US39061,"Hamilton County, Ohio",826139,248667839
550,0500000US39063,"Hancock County, Ohio",74656,22471456
551,0500000US39085,"Lake County, Ohio",232023,69838923
552,0500000US39089,"Licking County, Ohio",180401,54300701
553,0500000US39093,"Lorain County, Ohio",315595,94994095
554,0500000US39095,"Lucas County, Ohio",429191,129186491
555,0500000US39099,"Mahoning County, Ohio",226762,68255362
556,0500000US39101,"Marion County, Ohio",65291,19652591
557,0500000US39103,"Medina County, Ohio",183092,55110692
558,0500000US39109,"Miami County, Ohio",109264,32888464
559,0500000US39113,"Montgomery County, Ohio",535840,161287840
560,0500000US39119,"Muskingum County, Ohio",86408,26008808
561,0500000US39133,"Portage County, Ohio",162382,48876982
562,0500000US39139,"Richland County, Ohio",125195,37683695
563,0500000US39141,"Ross County, Ohio",76891,23144191
564,0500000US39145,"Scioto County, Ohio",73346,22077146
565,0500000US39151,"Stark County, Ohio",373834,112524034
566,0500000US39153,"Summit County, Ohio",537633,161827533
567,0500000US39155,"Trumbull County, Ohio",201335,60601835
568,0500000US39157,"Tuscarawas County, Ohio",92500,27842500
569,0500000US39165,"Warren County, Ohio",246553,74212453
570,0500000US39169,"Wayne County, Ohio",116710,35129710
571,0500000US39173,"Wood County, Ohio",132472,39874072
572,0500000US40017,"Canadian County, Oklahoma",161737,48682837
573,0500000US40027,"Cleveland County, Oklahoma",297597,89576697
574,0500000US40031,"Comanche County, Oklahoma",122063,36740963
575,0500000US40037,"Creek County, Oklahoma",72029,21680729
576,0500000US40101,"Muskogee County, Oklahoma",66146,19909946
577,0500000US40109,"Oklahoma County, Oklahoma",798575,240371075
578,0500000US40119,"Payne County, Oklahoma",81989,24678689
579,0500000US40125,"Pottawatomie County, Oklahoma",73019,21978719
580,0500000US40131,"Rogers County, Oklahoma",96695,29105195
581,0500000US40143,"Tulsa County, Oklahoma",672858,202530258
582,0500000US40145,"Wagoner County, Oklahoma",84050,25299050
583,0500000US41003,"Benton County, Oregon",96017,28901117
584,0500000US41005,"Clackamas County, Oregon",422537,127183637
585,0500000US41017,"Deschutes County, Oregon",204801,61645101
586,0500000US41019,"Douglas County, Oregon",111978,33705378
587,0500000US41029,"Jackson County, Oregon",223734,67343934
588,0500000US41033,"Josephine County, Oregon",88346,26592146
589,0500000US41035,"Klamath County, Oregon",70164,21119364
590,0500000US41039,"Lane County, Oregon",383189,115339889
591,0500000US41043,"Linn County, Oregon",129839,39081539
592,0500000US41047,"Marion County, Oregon",347119,104482819
593,0500000US41051,"Multnomah County, Oregon",803377,241816477
594,0500000US41053,"Polk County, Oregon",89164,26838364
595,0500000US41059,"Umatilla County, Oregon",79988,24076388
596,0500000US41067,"Washington County, Oregon",600811,180844111
597,0500000US41071,"Yamhill County, Oregon",108239,32579939
598,0500000US42001,"Adams County, Pennsylvania",104127,31342227
599,0500000US42003,"Allegheny County, Pennsylvania",1238090,372665090
600,0500000US42005,"Armstrong County, Pennsylvania",65093,19592993
601,0500000US42007,"Beaver County, Pennsylvania",166624,50153824
602,0500000US42011,"Berks County, Pennsylvania",429342,129231942
603,0500000US42013,"Blair County, Pennsylvania",121767,36651867
604,0500000US42017,"Bucks County, Pennsylvania",646098,194475498
605,0500000US42019,"Butler County, Pennsylvania",194273,58476173
606,0500000US42021,"Cambria County, Pennsylvania",132167,39782267
607,0500000US42025,"Carbon County, Pennsylvania",65412,19689012
608,0500000US42027,"Centre County, Pennsylvania",157527,47415627
609,0500000US42029,"Chester County, Pennsylvania",538649,162133349
610,0500000US42033,"Clearfield County, Pennsylvania",80082,24104682
611,0500000US42039,"Crawford County, Pennsylvania",83351,25088651
612,0500000US42041,"Cumberland County, Pennsylvania",262919,79138619
613,0500000US42043,"Dauphin County, Pennsylvania",287400,86507400
614,0500000US42045,"Delaware County, Pennsylvania",573849,172728549
615,0500000US42049,"Erie County, Pennsylvania",269011,80972311
616,0500000US42051,"Fayette County, Pennsylvania",126931,38206231
617,0500000US42055,"Franklin County, Pennsylvania",156289,47042989
618,0500000US42063,"Indiana County, Pennsylvania",82886,24948686
619,0500000US42069,"Lackawanna County, Pennsylvania",215663,64914563
620,0500000US42071,"Lancaster County, Pennsylvania",553652,166649252
621,0500000US42073,"Lawrence County, Pennsylvania",85497,25734597
622,0500000US42075,"Lebanon County, Pennsylvania",143493,43191393
623,0500000US42077,"Lehigh County, Pennsylvania",375539,113037239
624,0500000US42079,"Luzerne County, Pennsylvania",326053,98141953
625,0500000US42081,"Lycoming County, Pennsylvania",113605,34195105
626,0500000US42085,"Mercer County, Pennsylvania",109972,33101572
627,0500000US42089,"Monroe County, Pennsylvania",169273,50951173
628,0500000US42091,"Montgomery County, Pennsylvania",860578,259033978
629,0500000US42095,"Northampton County, Pennsylvania",313628,94402028
630,0500000US42097,"Northumberland County, Pennsylvania",91266,27471066
631,0500000US42101,"Philadelphia County, Pennsylvania",1576251,474451551
632,0500000US42107,"Schuylkill County, Pennsylvania",143264,43122464
633,0500000US42111,"Somerset County, Pennsylvania",73627,22161727
634,0500000US42125,"Washington County, Pennsylvania",209470,63050470
635,0500000US42129,"Westmoreland County, Pennsylvania",353057,106270157
636,0500000US42133,"York County, Pennsylvania",458696,138067496
637,0500000US44003,"Kent County, Rhode Island",170715,51385215
638,0500000US44005,"Newport County, Rhode Island",85264,25664464
639,0500000US44007,"Providence County, Rhode Island",658221,198124521
640,0500000US44009,"Washington County, Rhode Island",130592,39308192
641,0500000US45003,"Aiken County, South Carolina",170776,51403576
642,0500000US45007,"Anderson County, South Carolina",206908,62279308
643,0500000US45013,"Beaufort County, South Carolina",191748,57716148
644,0500000US45015,"Berkeley County, South Carolina",236701,71247001
645,0500000US45019,"Charleston County, South Carolina",413024,124320224
646,0500000US45035,"Dorchester County, South Carolina",163327,49161427
647,0500000US45041,"Florence County, South Carolina",136504,41087704
648,0500000US45045,"Greenville County, South Carolina",533834,160684034
649,0500000US45047,"Greenwood County, South Carolina",69241,20841541
650,0500000US45051,"Horry County, South Carolina",365579,110039279
651,0500000US45055,"Kershaw County, South Carolina",66130,19905130
652,0500000US45057,"Lancaster County, South Carolina",100336,30201136
653,0500000US45059,"Laurens County, South Carolina",67803,20408703
654,0500000US45063,"Lexington County, South Carolina",300137,90341237
655,0500000US45073,"Oconee County, South Carolina",79203,23840103
656,0500000US45075,"Orangeburg County, South Carolina",82962,24971562
657,0500000US45077,"Pickens County, South Carolina",132229,39800929
658,0500000US45079,"Richland County, South Carolina",418307,125910407
659,0500000US45083,"Spartanburg County, South Carolina",335864,101095064
660,0500000US45085,"Sumter County, South Carolina",104758,31532158
661,0500000US45091,"York County, South Carolina",288595,86867095
662,0500000US46083,"Lincoln County, South Dakota",67870,20428870
663,0500000US46099,"Minnehaha County, South Dakota",199685,60105185
664,0500000US46103,"Pennington County, South Dakota",111806,33653606
665,0500000US47001,"Anderson County, Tennessee",77576,23350376
666,0500000US47009,"Blount County, Tennessee",137605,41419105
667,0500000US47011,"Bradley County, Tennessee",110162,33158762
668,0500000US47037,"Davidson County, Tennessee",703953,211889853
669,0500000US47059,"Greene County, Tennessee",70621,21256921
670,0500000US47065,"Hamilton County, Tennessee",369135,111109635
671,0500000US47093,"Knox County, Tennessee",486677,146489777
672,0500000US47113,"Madison County, Tennessee",98775,29731275
673,0500000US47119,"Maury County, Tennessee",104760,31532760
674,0500000US47125,"Montgomery County, Tennessee",227900,68597900
675,0500000US47141,"Putnam County, Tennessee",81188,24437588
676,0500000US47147,"Robertson County, Tennessee",74098,22303498
677,0500000US47149,"Rutherford County, Tennessee",352182,106006782
678,0500000US47155,"Sevier County, Tennessee",99517,29954617
679,0500000US47157,"Shelby County, Tennessee",924454,278260654
680,0500000US47163,"Sullivan County, Tennessee",159265,47938765
681,0500000US47165,"Sumner County, Tennessee",200557,60367657
682,0500000US47179,"Washington County, Tennessee",134236,40405036
683,0500000US47187,"Williamson County, Tennessee",255735,76976235
684,0500000US47189,"Wilson County, Tennessee",151917,45727017
685,0500000US48005,"Angelina County, Texas",86506,26038306
686,0500000US48021,"Bastrop County, Texas",102058,30719458
687,0500000US48027,"Bell County, Texas",379617,114264717
688,0500000US48029,"Bexar County, Texas",2028236,610499036
689,0500000US48037,"Bowie County, Texas",92581,27866881
690,0500000US48039,"Brazoria County, Texas",379689,114286389
691,0500000US48041,"Brazos County, Texas",237032,71346632
692,0500000US48061,"Cameron County, Texas",423029,127331729
693,0500000US48085,"Collin County, Texas",1109462,333948062
694,0500000US48091,"Comal County, Texas",174986,52670786
695,0500000US48099,"Coryell County, Texas",84232,25353832
696,0500000US48113,"Dallas County, Texas",2586050,778401050
697,0500000US48121,"Denton County, Texas",941647,283435747
698,0500000US48135,"Ector County, Texas",161091,48488391
699,0500000US48139,"Ellis County, Texas",202678,61006078
700,0500000US48141,"El Paso County, Texas",867947,261252047
701,0500000US48157,"Fort Bend County, Texas",858527,258416627
702,0500000US48167,"Galveston County, Texas",355062,106873662
703,0500000US48181,"Grayson County, Texas",139336,41940136
704,0500000US48183,"Gregg County, Texas",124201,37384501
705,0500000US48187,"Guadalupe County, Texas",177036,53287836
706,0500000US48201,"Harris County, Texas",4728030,1423137030
707,0500000US48203,"Harrison County, Texas",69150,20814150
708,0500000US48209,"Hays County, Texas",255397,76874497
709,0500000US48213,"Henderson County, Texas",83667,25183767
710,0500000US48215,"Hidalgo County, Texas",880356,264987156
711,0500000US48231,"Hunt County, Texas",103394,31121594
712,0500000US48245,"Jefferson County, Texas",253704,76364904
713,0500000US48251,"Johnson County, Texas",187280,56371280
714,0500000US48257,"Kaufman County, Texas",157768,47488168
715,0500000US48291,"Liberty County, Texas",97621,29383921
716,0500000US48303,"Lubbock County, Texas",314451,94649751
717,0500000US48309,"McLennan County, Texas",263115,79197615
718,0500000US48329,"Midland County, Texas",167969,50558669
719,0500000US48339,"Montgomery County, Texas",648886,195314686
720,0500000US48355,"Nueces County, Texas",353079,106276779
721,0500000US48361,"Orange County, Texas",84742,25507342
722,0500000US48367,"Parker County, Texas",156764,47185964
723,0500000US48375,"Potter County, Texas",116547,35080647
724,0500000US48381,"Randall County, Texas",143854,43300054
725,0500000US48397,"Rockwall County, Texas",116381,35030681
726,0500000US48409,"San Patricio County, Texas",69699,20979399
727,0500000US48423,"Smith County, Texas",237186,71392986
728,0500000US48427,"Starr County, Texas",66049,19880749
729,0500000US48439,"Tarrant County, Texas",2126477,640069577
730,0500000US48441,"Taylor County, Texas",143326,43141126
731,0500000US48451,"Tom Green County, Texas",119411,35942711
732,0500000US48453,"Travis County, Texas",1305154,392851354
733,0500000US48469,"Victoria County, Texas",90964,27380164
734,0500000US48471,"Walker County, Texas",77977,23471077
735,0500000US48479,"Webb County, Texas",267945,80651445
736,0500000US48485,"Wichita County, Texas",130069,39150769
737,0500000US48491,"Williamson County, Texas",643026,193550826
738,0500000US48497,"Wise County, Texas",71714,21585914
739,0500000US49005,"Cache County, Utah",137417,41362517
740,0500000US49011,"Davis County, Utah",367285,110552785
741,0500000US49035,"Salt Lake County, Utah",1186421,357112721
742,0500000US49045,"Tooele County, Utah",76640,23068640
743,0500000US49049,"Utah County, Utah",684986,206180786
744,0500000US49053,"Washington County, Utah",191226,57559026
745,0500000US49057,"Weber County, Utah",267066,80386866
746,0500000US50007,"Chittenden County, Vermont",168865,50828365
747,0500000US51003,"Albemarle County, Virginia",113535,34174035
748,0500000US51013,"Arlington County, Virginia",232965,70122465
749,0500000US51015,"Augusta County, Virginia",77563,23346463
750,0500000US51019,"Bedford County, Virginia",80131,24119431
751,0500000US51041,"Chesterfield County, Virginia",370688,111577088
752,0500000US51059,"Fairfax County, Virginia",1139720,343055720
753,0500000US51061,"Fauquier County, Virginia",73815,22218315
754,0500000US51069,"Frederick County, Virginia",93717,28208817
755,0500000US51085,"Hanover County, Virginia",111603,33592503
756,0500000US51087,"Henrico County, Virginia",333554,100399754
757,0500000US51095,"James City County, Virginia",79882,24044482
758,0500000US51107,"Loudoun County, Virginia",427592,128705192
759,0500000US51121,"Montgomery County, Virginia",98473,29640373
760,0500000US51153,"Prince William County, Virginia",484472,145826072
761,0500000US51161,"Roanoke County, Virginia",96589,29073289
762,0500000US51165,"Rockingham County, Virginia",84394,25402594
763,0500000US51177,"Spotsylvania County, Virginia",143676,43246476
764,0500000US51179,"Stafford County, Virginia",160877,48423977
765,0500000US51199,"York County, Virginia",70915,21345415
766,0500000US51510,"Alexandria city, Virginia",154706,46566506
767,0500000US51550,"Chesapeake city, Virginia",251269,75631969
768,0500000US51650,"Hampton city, Virginia",137746,41461546
769,0500000US51680,"Lynchburg city, Virginia",79009,23781709
770,0500000US51700,"Newport News city, Virginia",184587,55560687
771,0500000US51710,"Norfolk city, Virginia",235089,70761789
772,0500000US51740,"Portsmouth city, Virginia",97840,29449840
773,0500000US51760,"Richmond city, Virginia",226604,68207804
774,0500000US51770,"Roanoke city, Virginia",98865,29758365
775,0500000US51800,"Suffolk city, Virginia",96194,28954394
776,0500000US51810,"Virginia Beach city, Virginia",457672,137759272
777,0500000US53005,"Benton County, Washington",210025,63217525
778,0500000US53007,"Chelan County, Washington",79646,23973446
779,0500000US53009,"Clallam County, Washington",78209,23540909
780,0500000US53011,"Clark County, Washington",511404,153932604
781,0500000US53015,"Cowlitz County, Washington",111524,33568724
782,0500000US53021,"Franklin County, Washington",98268,29578668
783,0500000US53025,"Grant County, Washington",100297,30189397
784,0500000US53027,"Grays Harbor County, Washington",76841,23129141
785,0500000US53029,"Island County, Washington",87432,26317032
786,0500000US53033,"King County, Washington",2252305,677943805
787,0500000US53035,"Kitsap County, Washington",274314,82568514
788,0500000US53041,"Lewis County, Washington",84398,25403798
789,0500000US53045,"Mason County, Washington",67615,20352115
790,0500000US53053,"Pierce County, Washington",925708,278638108
791,0500000US53057,"Skagit County, Washington",130696,39339496
792,0500000US53061,"Snohomish County, Washington",833540,250895540
793,0500000US53063,"Spokane County, Washington",546040,164358040
794,0500000US53067,"Thurston County, Washington",297977,89691077
795,0500000US53073,"Whatcom County, Washington",228831,68878131
796,0500000US53077,"Yakima County, Washington",256035,77066535
797,0500000US54003,"Berkeley County, West Virginia",126069,37946769
798,0500000US54011,"Cabell County, West Virginia",93418,28118818
799,0500000US54033,"Harrison County, West Virginia",65158,19612558
800,0500000US54039,"Kanawha County, West Virginia",177952,53563552
801,0500000US54061,"Monongalia County, West Virginia",106387,32022487
802,0500000US54081,"Raleigh County, West Virginia",73771,22205071
803,0500000US54107,"Wood County, West Virginia",83624,25170824
804,0500000US55009,"Brown County, Wisconsin",269591,81146891
805,0500000US55017,"Chippewa County, Wisconsin",66865,20126365
806,0500000US55025,"Dane County, Wisconsin",563951,169749251
807,0500000US55027,"Dodge County, Wisconsin",89313,26883213
808,0500000US55035,"Eau Claire County, Wisconsin",106452,32042052
809,0500000US55039,"Fond du Lac County, Wisconsin",104362,31412962
810,0500000US55055,"Jefferson County, Wisconsin",84943,25567843
811,0500000US55059,"Kenosha County, Wisconsin",168732,50788332
812,0500000US55063,"La Crosse County, Wisconsin",120433,36250333
813,0500000US55071,"Manitowoc County, Wisconsin",81505,24533005
814,0500000US55073,"Marathon County, Wisconsin",137648,41432048
815,0500000US55079,"Milwaukee County, Wisconsin",928059,279345759
816,0500000US55087,"Outagamie County, Wisconsin",191545,57655045
817,0500000US55089,"Ozaukee County, Wisconsin",92497,27841597
818,0500000US55097,"Portage County, Wisconsin",70468,21210868
819,0500000US55101,"Racine County, Wisconsin",196896,59265696
820,0500000US55105,"Rock County, Wisconsin",164381,49478681
821,0500000US55109,"St. Croix County, Wisconsin",95044,28608244
822,0500000US55111,"Sauk County, Wisconsin",65697,19774797
823,0500000US55117,"Sheboygan County, Wisconsin",117747,35441847
824,0500000US55127,"Walworth County, Wisconsin",106799,32146499
825,0500000US55131,"Washington County, Wisconsin",137175,41289675
826,0500000US55133,"Waukesha County, Wisconsin",408756,123035556
827,0500000US55139,"Winnebago County, Wisconsin",171623,51658523
828,0500000US55141,"Wood County, Wisconsin",74070,22295070
829,0500000US56021,"Laramie County, Wyoming",100863,30359763
830,0500000US56025,"Natrona County, Wyoming",79555,23946055
831,0500000US72013,"Arecibo Municipio, Puerto Rico",87053,26202953
832,0500000US72021,"Bayamón Municipio, Puerto Rico",182673,54984573
833,0500000US72025,"Caguas Municipio, Puerto Rico",126756,38153556
834,0500000US72031,"Carolina Municipio, Puerto Rico",152993,46050893
835,0500000US72061,"Guaynabo Municipio, Puerto Rico",89195,26847695
836,0500000US72097,"Mayagüez Municipio, Puerto Rico",71939,21653639
837,0500000US72113,"Ponce Municipio, Puerto Rico",135084,40660284
838,0500000US72127,"San Juan Municipio, Puerto Rico",337300,101527300
839,0500000US72135,"Toa Alta Municipio, Puerto Rico",67569,20338269
840,0500000US72137,"Toa Baja Municipio, Puerto Rico",74368,22384768
841,0500000US72139,"Trujillo Alto Municipio, Puerto Rico",67211,20230511
842,0100000US,United States,331893745,99900017245
843,1600000US0103076,"Auburn city, Alabama",78552,23644152
844,1600000US0107000,"Birmingham city, Alabama",196410,59119410
845,1600000US0121184,"Dothan city, Alabama",71283,21456183
846,1600000US0135896,"Hoover city, Alabama",92588,27868988
847,1600000US0137000,"Huntsville city, Alabama",215482,64860082
848,1600000US0150000,"Mobile city, Alabama",184960,55672960
849,1600000US0151000,"Montgomery city, Alabama",198659,59796359
850,1600000US0177256,"Tuscaloosa city, Alabama",100606,30282406
851,1600000US0203000,"Anchorage municipality, Alaska",288121,86724421
852,1600000US0404720,"Avondale city, Arizona",90562,27259162
853,1600000US0407940,"Buckeye city, Arizona",101314,30495514
854,1600000US0410670,"Casas Adobes CDP, Arizona",73450,22108450
855,1600000US0412000,"Chandler city, Arizona",279445,84112945
856,1600000US0423620,"Flagstaff city, Arizona",76984,23172184
857,1600000US0427400,"Gilbert town, Arizona",273138,82214538
858,1600000US0427820,"Glendale city, Arizona",249627,75137727
859,1600000US0428380,"Goodyear city, Arizona",101744,30624944
860,1600000US0446000,"Mesa city, Arizona",509492,153357092
861,1600000US0454050,"Peoria city, Arizona",194910,58667910
862,1600000US0455000,"Phoenix city, Arizona",1624539,488986239
863,1600000US0458150,"Queen Creek town, Arizona",69311,20862611
864,1600000US0464210,"San Tan Valley CDP, Arizona",103399,31123099
865,1600000US0465000,"Scottsdale city, Arizona",242754,73068954
866,1600000US0471510,"Surprise city, Arizona",149191,44906491
867,1600000US0473000,"Tempe city, Arizona",184109,55416809
868,1600000US0477000,"Tucson city, Arizona",543215,163507715
869,1600000US0485540,"Yuma city, Arizona",97097,29226197
870,1600000US0515190,"Conway city, Arkansas",65126,19602926
871,1600000US0523290,"Fayetteville city, Arkansas",95231,28664531
872,1600000US0524550,"Fort Smith city, Arkansas",89574,26961774
873,1600000US0535710,"Jonesboro city, Arkansas",79330,23878330
874,1600000US0541000,"Little Rock city, Arkansas",201984,60797184
875,1600000US0560410,"Rogers city, Arkansas",71114,21405314
876,1600000US0566080,"Springdale city, Arkansas",87255,26263755
877,1600000US0600562,"Alameda city, California",76352,22981952
878,1600000US0600884,"Alhambra city, California",81219,24446919
879,1600000US0602000,"Anaheim city, California",345935,104126435
880,1600000US0602252,"Antioch city, California",114801,34555101
881,1600000US0602364,"Apple Valley town, California",76217,22941317
882,1600000US0602553,"Arden-Arcade CDP, California",100613,30284513
883,1600000US0603526,"Bakersfield city, California",407581,122681881
884,1600000US0603666,"Baldwin Park city, California",70634,21260834
885,1600000US0604982,"Bellflower city, California",77407,23299507
886,1600000US0606000,"Berkeley city, California",117147,35261247
887,1600000US0608786,"Buena Park city, California",83017,24988117
888,1600000US0608954,"Burbank city, California",105407,31727507
889,1600000US0610046,"Camarillo city, California",70838,21322238
890,1600000US0611194,"Carlsbad city, California",115291,34702591
891,1600000US0611390,"Carmichael CDP, California",81039,24392739
892,1600000US0611530,"Carson city, California",93526,28151326
893,1600000US0611964,"Castro Valley CDP, California",66408,19988808
894,1600000US0613014,"Chico city, California",102340,30804340
895,1600000US0613210,"Chino city, California",92988,27989388
896,1600000US0613214,"Chino Hills city, California",78675,23681175
897,1600000US0613392,"Chula Vista city, California",277211,83440511
898,1600000US0613588,"Citrus Heights city, California",87411,26310711
899,1600000US0614218,"Clovis city, California",122985,37018485
900,1600000US0615044,"Compton city, California",93584,28168784
901,1600000US0616000,"Concord city, California",124091,37351391
902,1600000US0616350,"Corona city, California",159749,48084449
903,1600000US0616532,"Costa Mesa city, California",110750,33335750
904,1600000US0617918,"Daly City city, California",101221,30467521
905,1600000US0618100,"Davis city, California",66798,20106198
906,1600000US0619766,"Downey city, California",111637,33602737
907,1600000US0620018,"Dublin city, California",71680,21575680
908,1600000US0620802,"East Los Angeles CDP, California",115803,34856703
909,1600000US0621230,"Eastvale city, California",71374,21483574
910,1600000US0621712,"El Cajon city, California",105431,31734731
911,1600000US0622020,"Elk Grove city, California",178988,53875388
912,1600000US0622230,"El Monte city, California",106913,32180813
913,1600000US0622804,"Escondido city, California",150656,45347456
914,1600000US0623182,"Fairfield city, California",119710,36032710
915,1600000US0624638,"Folsom city, California",81212,24444812
916,1600000US0624680,"Fontana city, California",210786,63446586
917,1600000US0626000,"Fremont city, California",227523,68484423
918,1600000US0627000,"Fresno city, California",544500,163894500
919,1600000US0628000,"Fullerton city, California",141875,42704375
920,1600000US0629000,"Garden Grove city, California",170492,51318092
921,1600000US0630000,"Glendale city, California",192376,57905176
922,1600000US0632548,"Hawthorne city, California",86093,25913993
923,1600000US0633000,"Hayward city, California",159839,48111539
924,1600000US0633182,"Hemet city, California",90446,27224246
925,1600000US0633434,"Hesperia city, California",100959,30388659
926,1600000US0636000,"Huntington Beach city, California",196650,59191650
927,1600000US0636448,"Indio city, California",90421,27216721
928,1600000US0636546,"Inglewood city, California",105179,31658879
929,1600000US0636770,"Irvine city, California",309014,93013214
930,1600000US0637692,"Jurupa Valley city, California",106937,32188037
931,1600000US0639486,"Lake Elsinore city, California",71573,21543473
932,1600000US0639496,"Lake Forest city, California",85732,25805332
933,1600000US0639892,"Lakewood city, California",80607,24262707
934,1600000US0640130,"Lancaster city, California",170134,51210334
935,1600000US0641992,"Livermore city, California",86812,26130412
936,1600000US0642202,"Lodi city, California",67020,20173020
937,1600000US0643000,"Long Beach city, California",456063,137274963
938,1600000US0644000,"Los Angeles city, California",3849306,1158641106
939,1600000US0644574,"Lynwood city, California",65502,19716102
940,1600000US0645022,"Madera city, California",67956,20454756
941,1600000US0645484,"Manteca city, California",85799,25825499
942,1600000US0646842,"Menifee city, California",106396,32025196
943,1600000US0646898,"Merced city, California",89292,26876892
944,1600000US0647766,"Milpitas city, California",79074,23801274
945,1600000US0648256,"Mission Viejo city, California",92449,27827149
946,1600000US0648354,"Modesto city, California",218782,65853382
947,1600000US0649270,"Moreno Valley city, California",211607,63693707
948,1600000US0649670,"Mountain View city, California",81517,24536617
949,1600000US0650076,"Murrieta city, California",112984,34008184
950,1600000US0650258,"Napa city, California",78824,23726024
951,1600000US0651182,"Newport Beach city, California",84784,25519984
952,1600000US0652526,"Norwalk city, California",100369,30211069
953,1600000US0653000,"Oakland city, California",433797,130572897
954,1600000US0653322,"Oceanside city, California",172990,52069990
955,1600000US0653896,"Ontario city, California",177961,53566261
956,1600000US0653980,"Orange city, California",137287,41323387
957,1600000US0654652,"Oxnard city, California",201898,60771298
958,1600000US0655156,"Palmdale city, California",165795,49904295
959,1600000US0655282,"Palo Alto city, California",66666,20066466
960,1600000US0656000,"Pasadena city, California",135745,40859245
961,1600000US0656700,"Perris city, California",79831,24029131
962,1600000US0657456,"Pittsburg city, California",76551,23041851
963,1600000US0657792,"Pleasanton city, California",78250,23553250
964,1600000US0658072,"Pomona city, California",148339,44650039
965,1600000US0659444,"Rancho Cordova city, California",80423,24207323
966,1600000US0659451,"Rancho Cucamonga city, California",175138,52716538
967,1600000US0659920,"Redding city, California",93466,28133266
968,1600000US0659962,"Redlands city, California",73280,22057280
969,1600000US0660018,"Redondo Beach city, California",69779,21003479
970,1600000US0660102,"Redwood City city, California",81653,24577553
971,1600000US0660466,"Rialto city, California",104380,31418380
972,1600000US0660620,"Richmond city, California",115642,34808242
973,1600000US0662000,"Riverside city, California",317257,95494357
974,1600000US0662364,"Rocklin city, California",72986,21968786
975,1600000US0662938,"Roseville city, California",151902,45722502
976,1600000US0664000,"Sacramento city, California",525028,158033428
977,1600000US0664224,"Salinas city, California",162780,48996780
978,1600000US0665000,"San Bernardino city, California",222194,66880394
979,1600000US0665042,"San Buenaventura (Ventura) city, California",109938,33091338
980,1600000US0666000,"San Diego city, California",1381600,415861600
981,1600000US0667000,"San Francisco city, California",815201,245375501
982,1600000US0668000,"San Jose city, California",983530,296042530
983,1600000US0668084,"San Leandro city, California",88878,26752278
984,1600000US0668196,"San Marcos city, California",94927,28573027
985,1600000US0668252,"San Mateo city, California",102175,30754675
986,1600000US0668378,"San Ramon city, California",86939,26168639
987,1600000US0669000,"Santa Ana city, California",309468,93149868
988,1600000US0669070,"Santa Barbara city, California",88252,26563852
989,1600000US0669084,"Santa Clara city, California",127155,38273655
990,1600000US0669088,"Santa Clarita city, California",224588,67600988
991,1600000US0669196,"Santa Maria city, California",109709,33022409
992,1600000US0670000,"Santa Monica city, California",91103,27422003
993,1600000US0670098,"Santa Rosa city, California",176942,53259542
994,1600000US0672016,"Simi Valley city, California",125967,37916067
995,1600000US0673080,"South Gate city, California",91148,27435548
996,1600000US0675000,"Stockton city, California",322107,96954207
997,1600000US0677000,"Sunnyvale city, California",152258,45829658
998,1600000US0678120,"Temecula city, California",110863,33369763
999,1600000US0678582,"Thousand Oaks city, California",125766,37855566
1000,1600000US0680000,"Torrance city, California",143589,43220289
1001,1600000US0680238,"Tracy city, California",95384,28710584
1002,1600000US0680644,"Tulare city, California",70724,21287924
1003,1600000US0680812,"Turlock city, California",72673,21874573
1004,1600000US0680854,"Tustin city, California",79428,23907828
1005,1600000US0681204,"Union City city, California",68668,20669068
1006,1600000US0681344,"Upland city, California",79264,23858464
1007,1600000US0681554,"Vacaville city, California",103092,31030692
1008,1600000US0681666,"Vallejo city, California",124869,37585569
1009,1600000US0682590,"Victorville city, California",135952,40921552
1010,1600000US0682954,"Visalia city, California",142976,43035776
1011,1600000US0682996,"Vista city, California",98671,29699971
1012,1600000US0683346,"Walnut Creek city, California",69705,20981205
1013,1600000US0684200,"West Covina city, California",107031,32216331
1014,1600000US0684550,"Westminster city, California",90213,27154113
1015,1600000US0685292,"Whittier city, California",85306,25677106
1016,1600000US0686832,"Yorba Linda city, California",67992,20465592
1017,1600000US0686972,"Yuba City city, California",69544,20932744
1018,1600000US0803455,"Arvada city, Colorado",123829,37272529
1019,1600000US0804000,"Aurora city, Colorado",389675,117292175
1020,1600000US0807850,"Boulder city, Colorado",104178,31357578
1021,1600000US0809280,"Broomfield city, Colorado",75325,22672825
1022,1600000US0812415,"Castle Rock town, Colorado",76366,22986166
1023,1600000US0812815,"Centennial city, Colorado",106957,32194057
1024,1600000US0816000,"Colorado Springs city, Colorado",483969,145674669
1025,1600000US0820000,"Denver city, Colorado",711463,214150363
1026,1600000US0827425,"Fort Collins city, Colorado",168535,50729035
1027,1600000US0831660,"Grand Junction city, Colorado",66951,20152251
1028,1600000US0832155,"Greeley city, Colorado",109340,32911340
1029,1600000US0836410,"Highlands Ranch CDP, Colorado",98239,29569939
1030,1600000US0843000,"Lakewood city, Colorado",156612,47140212
1031,1600000US0845970,"Longmont city, Colorado",100427,30228527
1032,1600000US0846465,"Loveland city, Colorado",77185,23232685
1033,1600000US0862000,"Pueblo city, Colorado",112358,33819758
1034,1600000US0877290,"Thornton city, Colorado",142599,42922299
1035,1600000US0883835,"Westminster city, Colorado",114573,34486473
1036,1600000US0908000,"Bridgeport city, Connecticut",148345,44651845
1037,1600000US0918430,"Danbury city, Connecticut",86749,26111449
1038,1600000US0937000,"Hartford city, Connecticut",120593,36298493
1039,1600000US0950370,"New Britain city, Connecticut",73835,22224335
1040,1600000US0952000,"New Haven city, Connecticut",135076,40657876
1041,1600000US0955990,"Norwalk city, Connecticut",91203,27452103
1042,1600000US0973000,"Stamford city, Connecticut",136312,41029912
1043,1600000US0980000,"Waterbury city, Connecticut",113820,34259820
1044,1600000US1077580,"Wilmington city, Delaware",70750,21295750
1045,1600000US1150000,"Washington city, District of Columbia",670050,201685050
1046,1600000US1200410,"Alafaya CDP, Florida",95779,28829479
1047,1600000US1207300,"Boca Raton city, Florida",95785,28831285
1048,1600000US1207875,"Boynton Beach city, Florida",80083,24104983
1049,1600000US1208150,"Brandon CDP, Florida",116994,35215194
1050,1600000US1210275,"Cape Coral city, Florida",204519,61560219
1051,1600000US1212875,"Clearwater city, Florida",116667,35116767
1052,1600000US1214400,"Coral Springs city, Florida",132822,39979422
1053,1600000US1216475,"Davie town, Florida",104873,31566773
1054,1600000US1216525,"Daytona Beach city, Florida",74435,22404935
1055,1600000US1216725,"Deerfield Beach city, Florida",86355,25992855
1056,1600000US1217100,"Delray Beach city, Florida",66579,20040279
1057,1600000US1217200,"Deltona city, Florida",95771,28827071
1058,1600000US1217935,"Doral city, Florida",75954,22862154
1059,1600000US1224000,"Fort Lauderdale city, Florida",181666,54681466
1060,1600000US1224125,"Fort Myers city, Florida",92244,27765444
1061,1600000US1225175,"Gainesville city, Florida",140406,42262206
1062,1600000US1230000,"Hialeah city, Florida",220479,66364179
1063,1600000US1232000,"Hollywood city, Florida",152139,45793839
1064,1600000US1232275,"Homestead city, Florida",80523,24237423
1065,1600000US1232610,"Horizon West CDP, Florida",72283,21757183
1066,1600000US1235000,"Jacksonville city, Florida",954624,287341824
1067,1600000US1236100,"Kendall CDP, Florida",81524,24538724
1068,1600000US1236950,"Kissimmee city, Florida",79440,23911440
1069,1600000US1238250,"Lakeland city, Florida",115401,34735701
1070,1600000US1239425,"Largo city, Florida",82333,24782233
1071,1600000US1239550,"Lauderhill city, Florida",73461,22111761
1072,1600000US1239925,"Lehigh Acres CDP, Florida",126557,38093657
1073,1600000US1243975,"Melbourne city, Florida",85091,25612391
1074,1600000US1245000,"Miami city, Florida",439906,132411706
1075,1600000US1245025,"Miami Beach city, Florida",80673,24282573
1076,1600000US1245060,"Miami Gardens city, Florida",110881,33375181
1077,1600000US1245975,"Miramar city, Florida",135066,40654866
1078,1600000US1249675,"North Port city, Florida",80027,24088127
1079,1600000US1253000,"Orlando city, Florida",309193,93067093
1080,1600000US1254000,"Palm Bay city, Florida",122932,37002532
1081,1600000US1254200,"Palm Coast city, Florida",93845,28247345
1082,1600000US1255775,"Pembroke Pines city, Florida",169388,50985788
1083,1600000US1256825,"Pine Hills CDP, Florida",85927,25864027
1084,1600000US1257425,"Plantation city, Florida",92981,27987281
1085,1600000US1257900,"Poinciana CDP, Florida",65257,19642357
1086,1600000US1258050,"Pompano Beach city, Florida",111356,33518156
1087,1600000US1258350,"Port Charlotte CDP, Florida",65671,19766971
1088,1600000US1258715,"Port St. Lucie city, Florida",217535,65478035
1089,1600000US1260950,"Riverview CDP, Florida",114560,34482560
1090,1600000US1263000,"St. Petersburg city, Florida",258214,77722414
1091,1600000US1268350,"Spring Hill CDP, Florida",123509,37176209
1092,1600000US1269700,"Sunrise city, Florida",96031,28905331
1093,1600000US1270600,"Tallahassee city, Florida",197103,59328003
1094,1600000US1270675,"Tamarac city, Florida",71522,21528122
1095,1600000US1271000,"Tampa city, Florida",387037,116498137
1096,1600000US1271625,"The Villages CDP, Florida",80691,24287991
1097,1600000US1272145,"Town 'n' Country CDP, Florida",87862,26446462
1098,1600000US1275875,"Wesley Chapel CDP, Florida",77319,23273019
1099,1600000US1276582,"Weston city, Florida",67322,20263922
1100,1600000US1276600,"West Palm Beach city, Florida",117253,35293153
1101,1600000US1301052,"Albany city, Georgia",67146,20210946
1102,1600000US1301696,"Alpharetta city, Georgia",66108,19898508
1103,1600000US1303440,"Athens-Clarke County unified government (balance), Georgia",126006,37927806
1104,1600000US1304000,"Atlanta city, Georgia",496480,149440480
1105,1600000US1304204,"Augusta-Richmond County consolidated government (balance), Georgia",200032,60209632
1106,1600000US1319000,"Columbus city, Georgia",205617,61890717
1107,1600000US1342425,"Johns Creek city, Georgia",82078,24705478
1108,1600000US1349008,"Macon-Bibb County, Georgia",156762,47185362
1109,1600000US1367284,"Roswell city, Georgia",92532,27852132
1110,1600000US1368516,"Sandy Springs city, Georgia",107179,32260879
1111,1600000US1369000,"Savannah city, Georgia",147087,44273187
1112,1600000US1372122,"South Fulton city, Georgia",108573,32680473
1113,1600000US1380508,"Warner Robins city, Georgia",82252,24757852
1114,1600000US1571550,"Urban Honolulu CDP, Hawaii",345532,104005132
1115,1600000US1608830,"Boise City city, Idaho",237457,71474557
1116,1600000US1639700,"Idaho Falls city, Idaho",66895,20135395
1117,1600000US1652120,"Meridian city, Idaho",125959,37913659
1118,1600000US1656260,"Nampa city, Idaho",106186,31961986
1119,1600000US1702154,"Arlington Heights village, Illinois",75579,22749279
1120,1600000US1703012,"Aurora city, Illinois",183491,55230791
1121,1600000US1706613,"Bloomington city, Illinois",78283,23563183
1122,1600000US1707133,"Bolingbrook village, Illinois",74526,22432326
1123,1600000US1712385,"Champaign city, Illinois",89116,26823916
1124,1600000US1714000,"Chicago city, Illinois",2696561,811664861
1125,1600000US1714351,"Cicero town, Illinois",83167,25033267
1126,1600000US1718823,"Decatur city, Illinois",70676,21273476
1127,1600000US1723074,"Elgin city, Illinois",117850,35472850
1128,1600000US1724582,"Evanston city, Illinois",77532,23337132
1129,1600000US1738570,"Joliet city, Illinois",152563,45921463
1130,1600000US1751622,"Naperville city, Illinois",148863,44807763
1131,1600000US1757225,"Palatine village, Illinois",66272,19947872
1132,1600000US1759000,"Peoria city, Illinois",110915,33385415
1133,1600000US1765000,"Rockford city, Illinois",148539,44710239
1134,1600000US1768003,"Schaumburg village, Illinois",75913,22849813
1135,1600000US1770122,"Skokie village, Illinois",66410,19989410
1136,1600000US1772000,"Springfield city, Illinois",114340,34416340
1137,1600000US1779293,"Waukegan city, Illinois",85791,25823091
1138,1600000US1805860,"Bloomington city, Indiana",78988,23775388
1139,1600000US1810342,"Carmel city, Indiana",100780,30334780
1140,1600000US1822000,"Evansville city, Indiana",117273,35299173
1141,1600000US1823278,"Fishers city, Indiana",103081,31027381
1142,1600000US1825000,"Fort Wayne city, Indiana",263814,79408014
1143,1600000US1831000,"Hammond city, Indiana",76991,23174291
1144,1600000US1836003,"Indianapolis city (balance), Indiana",882327,265580427
1145,1600000US1840788,"Lafayette city, Indiana",72041,21684341
1146,1600000US1854180,"Noblesville city, Indiana",71810,21614810
1147,1600000US1871000,"South Bend city, Indiana",104523,31461423
1148,1600000US1901855,"Ames city, Iowa",66422,19993022
1149,1600000US1902305,"Ankeny city, Iowa",70289,21156989
1150,1600000US1912000,"Cedar Rapids city, Iowa",136464,41075664
1151,1600000US1919000,"Davenport city, Iowa",101010,30404010
1152,1600000US1921000,"Des Moines city, Iowa",212333,63912233
1153,1600000US1938595,"Iowa City city, Iowa",74582,22449182
1154,1600000US1973335,"Sioux City city, Iowa",86369,25997069
1155,1600000US1982425,"Waterloo city, Iowa",66934,20147134
1156,1600000US1983910,"West Des Moines city, Iowa",69951,21055251
1157,1600000US2036000,"Kansas City city, Kansas",154804,46596004
1158,1600000US2038900,"Lawrence city, Kansas",95251,28670551
1159,1600000US2052575,"Olathe city, Kansas",143006,43044806
1160,1600000US2053775,"Overland Park city, Kansas",197113,59331013
1161,1600000US2064500,"Shawnee city, Kansas",67521,20323821
1162,1600000US2071000,"Topeka city, Kansas",125969,37916669
1163,1600000US2079000,"Wichita city, Kansas",395707,119107807
1164,1600000US2108902,"Bowling Green city, Kentucky",73513,22127413
1165,1600000US2146027,"Lexington-Fayette urban county, Kentucky",321793,96859693
1166,1600000US2148006,"Louisville/Jefferson County metro government (balance), Kentucky",628577,189201677
1167,1600000US2205000,"Baton Rouge city, Louisiana",222177,66875277
1168,1600000US2239475,"Kenner city, Louisiana",65376,19678176
1169,1600000US2240735,"Lafayette city, Louisiana",121763,36650663
1170,1600000US2241155,"Lake Charles city, Louisiana",81102,24411702
1171,1600000US2250115,"Metairie CDP, Louisiana",144999,43644699
1172,1600000US2255000,"New Orleans city, Louisiana",376971,113468271
1173,1600000US2270000,"Shreveport city, Louisiana",183489,55230189
1174,1600000US2360545,"Portland city, Maine",68329,20567029
1175,1600000US2404000,"Baltimore city, Maryland",576498,173525898
1176,1600000US2407125,"Bethesda CDP, Maryland",68014,20472214
1177,1600000US2419125,"Columbia CDP, Maryland",104043,31316943
1178,1600000US2426000,"Ellicott City CDP, Maryland",76286,22962086
1179,1600000US2430325,"Frederick city, Maryland",79588,23955988
1180,1600000US2431175,"Gaithersburg city, Maryland",69109,20801809
1181,1600000US2432025,"Germantown CDP, Maryland",85247,25659347
1182,1600000US2432650,"Glen Burnie CDP, Maryland",71019,21376719
1183,1600000US2467675,"Rockville city, Maryland",67133,20207033
1184,1600000US2472450,"Silver Spring CDP, Maryland",80265,24159765
1185,1600000US2481175,"Waldorf CDP, Maryland",80123,24117023
1186,1600000US2507000,"Boston city, Massachusetts",654281,196938581
1187,1600000US2509000,"Brockton city, Massachusetts",105455,31741955
1188,1600000US2511000,"Cambridge city, Massachusetts",117097,35246197
1189,1600000US2523000,"Fall River city, Massachusetts",93883,28258783
1190,1600000US2524960,"Framingham city, Massachusetts",71260,21449260
1191,1600000US2529405,"Haverhill city, Massachusetts",67356,20274156
1192,1600000US2534550,"Lawrence city, Massachusetts",88511,26641811
1193,1600000US2537000,"Lowell city, Massachusetts",114005,34315505
1194,1600000US2537490,"Lynn city, Massachusetts",100831,30350131
1195,1600000US2537875,"Malden city, Massachusetts",65057,19582157
1196,1600000US2545000,"New Bedford city, Massachusetts",100947,30385047
1197,1600000US2545560,"Newton city, Massachusetts",87455,26323955
1198,1600000US2555745,"Quincy city, Massachusetts",101131,30440431
1199,1600000US2562535,"Somerville city, Massachusetts",79819,24025519
1200,1600000US2567000,"Springfield city, Massachusetts",154788,46591188
1201,1600000US2582000,"Worcester city, Massachusetts",205917,61981017
1202,1600000US2603000,"Ann Arbor city, Michigan",121541,36583841
1203,1600000US2621000,"Dearborn city, Michigan",108419,32634119
1204,1600000US2622000,"Detroit city, Michigan",632589,190409289
1205,1600000US2627440,"Farmington Hills city, Michigan",83289,25069989
1206,1600000US2629000,"Flint city, Michigan",80628,24269028
1207,1600000US2634000,"Grand Rapids city, Michigan",197423,59424323
1208,1600000US2642160,"Kalamazoo city, Michigan",73255,22049755
1209,1600000US2646000,"Lansing city, Michigan",111833,33661733
1210,1600000US2649000,"Livonia city, Michigan",94407,28416507
1211,1600000US2659440,"Novi city, Michigan",66575,20039075
1212,1600000US2669035,"Rochester Hills city, Michigan",76021,22882321
1213,1600000US2674900,"Southfield city, Michigan",75901,22846201
1214,1600000US2676460,"Sterling Heights city, Michigan",133256,40110056
1215,1600000US2680700,"Troy city, Michigan",86837,26137937
1216,1600000US2684000,"Warren city, Michigan",138142,41580742
1217,1600000US2686000,"Westland city, Michigan",84528,25442928
1218,1600000US2688940,"Wyoming city, Michigan",76747,23100847
1219,1600000US2706382,"Blaine city, Minnesota",70953,21356853
1220,1600000US2706616,"Bloomington city, Minnesota",89308,26881708
1221,1600000US2707966,"Brooklyn Park city, Minnesota",84533,25444433
1222,1600000US2717000,"Duluth city, Minnesota",86373,25998273
1223,1600000US2717288,"Eagan city, Minnesota",68646,20662446
1224,1600000US2735180,"Lakeville city, Minnesota",72805,21914305
1225,1600000US2740166,"Maple Grove city, Minnesota",70730,21289730
1226,1600000US2743000,"Minneapolis city, Minnesota",425338,128026738
1227,1600000US2751730,"Plymouth city, Minnesota",79833,24029733
1228,1600000US2754880,"Rochester city, Minnesota",121471,36562771
1229,1600000US2756896,"St. Cloud city, Minnesota",69809,21012509
1230,1600000US2758000,"St. Paul city, Minnesota",307176,92459976
1231,1600000US2771428,"Woodbury city, Minnesota",76994,23175194
1232,1600000US2829700,"Gulfport city, Mississippi",72096,21700896
1233,1600000US2836000,"Jackson city, Mississippi",149813,45093713
1234,1600000US2915670,"Columbia city, Missouri",126850,38181850
1235,1600000US2935000,"Independence city, Missouri",122083,36746983
1236,1600000US2938000,"Kansas City city, Missouri",508415,153032915
1237,1600000US2941348,"Lee's Summit city, Missouri",102506,30854306
1238,1600000US2954074,"O'Fallon city, Missouri",93651,28188951
1239,1600000US2964082,"St. Charles city, Missouri",70832,21320432
1240,1600000US2964550,"St. Joseph city, Missouri",75763,22804663
1241,1600000US2965000,"St. Louis city, Missouri",293310,88286310
1242,1600000US2970000,"Springfield city, Missouri",169850,51124850
1243,1600000US3006550,"Billings city, Montana",117453,35353353
1244,1600000US3050200,"Missoula city, Montana",74834,22525034
1245,1600000US3128000,"Lincoln city, Nebraska",292648,88087048
1246,1600000US3137000,"Omaha city, Nebraska",487299,146676999
1247,1600000US3223770,"Enterprise CDP, Nevada",245286,73831086
1248,1600000US3231900,"Henderson city, Nevada",322202,96982802
1249,1600000US3240000,"Las Vegas city, Nevada",646776,194679576
1250,1600000US3251800,"North Las Vegas city, Nevada",274146,82517946
1251,1600000US3254600,"Paradise CDP, Nevada",185849,55940549
1252,1600000US3260600,"Reno city, Nevada",268843,80921743
1253,1600000US3268400,"Sparks city, Nevada",109788,33046188
1254,1600000US3268585,"Spring Valley CDP, Nevada",213552,64279152
1255,1600000US3271400,"Sunrise Manor CDP, Nevada",196147,59040247
1256,1600000US3345140,"Manchester city, New Hampshire",115470,34756470
1257,1600000US3350260,"Nashua city, New Hampshire",91122,27427722
1258,1600000US3403580,"Bayonne city, New Jersey",69195,20827695
1259,1600000US3410000,"Camden city, New Jersey",71771,21603071
1260,1600000US3413690,"Clifton city, New Jersey",89382,26903982
1261,1600000US3419390,"East Orange city, New Jersey",68893,20736793
1262,1600000US3421000,"Elizabeth city, New Jersey",135405,40756905
1263,1600000US3436000,"Jersey City city, New Jersey",283943,85466843
1264,1600000US3438580,"Lakewood CDP, New Jersey",66405,19987905
1265,1600000US3451000,"Newark city, New Jersey",307216,92472016
1266,1600000US3456550,"Passaic city, New Jersey",69637,20960737
1267,1600000US3457000,"Paterson city, New Jersey",157783,47492683
1268,1600000US3473110,"Toms River CDP, New Jersey",93947,28278047
1269,1600000US3474000,"Trenton city, New Jersey",90458,27227858
1270,1600000US3474630,"Union City city, New Jersey",65639,19757339
1271,1600000US3502000,"Albuquerque city, New Mexico",562591,169339891
1272,1600000US3539380,"Las Cruces city, New Mexico",112907,33985007
1273,1600000US3563460,"Rio Rancho city, New Mexico",105839,31857539
1274,1600000US3570500,"Santa Fe city, New Mexico",88196,26546996
1275,1600000US3601000,"Albany city, New York",98624,29685824
1276,1600000US3611000,"Buffalo city, New York",276804,83318004
1277,1600000US3615000,"Cheektowaga CDP, New York",76676,23079476
1278,1600000US3649121,"Mount Vernon city, New York",72584,21847784
1279,1600000US3650617,"New Rochelle city, New York",81590,24558590
1280,1600000US3651000,"New York city, New York",8467513,2548721413
1281,1600000US3663000,"Rochester city, New York",210594,63388794
1282,1600000US3665508,"Schenectady city, New York",66985,20162485
1283,1600000US3673000,"Syracuse city, New York",146124,43983324
1284,1600000US3684000,"Yonkers city, New York",209506,63061306
1285,1600000US3702140,"Asheville city, North Carolina",94070,28315070
1286,1600000US3710740,"Cary town, North Carolina",178508,53730908
1287,1600000US3712000,"Charlotte city, North Carolina",879697,264788797
1288,1600000US3714100,"Concord city, North Carolina",107688,32414088
1289,1600000US3719000,"Durham city, North Carolina",285439,85917139
1290,1600000US3722920,"Fayetteville city, North Carolina",208792,62846392
1291,1600000US3725580,"Gastonia city, North Carolina",81159,24428859
1292,1600000US3728000,"Greensboro city, North Carolina",298250,89773250
1293,1600000US3728080,"Greenville city, North Carolina",88733,26708633
1294,1600000US3731400,"High Point city, North Carolina",115287,34701387
1295,1600000US3734200,"Jacksonville city, North Carolina",72881,21937181
1296,1600000US3755000,"Raleigh city, North Carolina",469502,141320102
1297,1600000US3774440,"Wilmington city, North Carolina",117642,35410242
1298,1600000US3775000,"Winston-Salem city, North Carolina",250337,75351437
1299,1600000US3807200,"Bismarck city, North Dakota",74141,22316441
1300,1600000US3825700,"Fargo city, North Dakota",124843,37577743
1301,1600000US3901000,"Akron city, Ohio",189343,56992243
1302,1600000US3912000,"Canton city, Ohio",70438,21201838
1303,1600000US3915000,"Cincinnati city, Ohio",308913,92982813
1304,1600000US3916000,"Cleveland city, Ohio",368006,110769806
1305,1600000US3918000,"Columbus city, Ohio",907310,273100310
1306,1600000US3921000,"Dayton city, Ohio",137581,41411881
1307,1600000US3944856,"Lorain city, Ohio",65440,19697440
1308,1600000US3961000,"Parma city, Ohio",79984,24075184
1309,1600000US3977000,"Toledo city, Ohio",268504,80819704
1310,1600000US4009050,"Broken Arrow city, Oklahoma",117775,35450275
1311,1600000US4023200,"Edmond city, Oklahoma",95334,28695534
1312,1600000US4041850,"Lawton city, Oklahoma",91058,27408458
1313,1600000US4052500,"Norman city, Oklahoma",128087,38554187
1314,1600000US4055000,"Oklahoma City city, Oklahoma",687691,206994991
1315,1600000US4075000,"Tulsa city, Oklahoma",411905,123983405
1316,1600000US4105350,"Beaverton city, Oregon",98204,29559404
1317,1600000US4105800,"Bend city, Oregon",102079,30725779
1318,1600000US4123850,"Eugene city, Oregon",175102,52705702
1319,1600000US4131250,"Gresham city, Oregon",113106,34044906
1320,1600000US4134100,"Hillsboro city, Oregon",106651,32101951
1321,1600000US4147000,"Medford city, Oregon",86374,25998574
1322,1600000US4159000,"Portland city, Oregon",642218,193307618
1323,1600000US4164900,"Salem city, Oregon",177727,53495827
1324,1600000US4202000,"Allentown city, Pennsylvania",125934,37906134
1325,1600000US4206088,"Bethlehem city, Pennsylvania",75134,22615334
1326,1600000US4224000,"Erie city, Pennsylvania",94013,28297913
1327,1600000US4260000,"Philadelphia city, Pennsylvania",1576251,474451551
1328,1600000US4261000,"Pittsburgh city, Pennsylvania",300454,90436654
1329,1600000US4263624,"Reading city, Pennsylvania",94834,28545034
1330,1600000US4269000,"Scranton city, Pennsylvania",75867,22835967
1331,1600000US4419180,"Cranston city, Rhode Island",82568,24852968
1332,1600000US4454640,"Pawtucket city, Rhode Island",75379,22689079
1333,1600000US4459000,"Providence city, Rhode Island",189697,57098797
1334,1600000US4474300,"Warwick city, Rhode Island",83014,24987214
1335,1600000US4513330,"Charleston city, South Carolina",152046,45765846
1336,1600000US4516000,"Columbia city, South Carolina",137960,41525960
1337,1600000US4530850,"Greenville city, South Carolina",72103,21703003
1338,1600000US4548535,"Mount Pleasant town, South Carolina",92398,27811798
1339,1600000US4550875,"North Charleston city, South Carolina",117463,35356363
1340,1600000US4561405,"Rock Hill city, South Carolina",74107,22306207
1341,1600000US4652980,"Rapid City city, South Dakota",76173,22928073
1342,1600000US4659020,"Sioux Falls city, South Dakota",196528,59154928
1343,1600000US4714000,"Chattanooga city, Tennessee",182111,54815411
1344,1600000US4715160,"Clarksville city, Tennessee",170966,51460766
1345,1600000US4727740,"Franklin city, Tennessee",85473,25727373
1346,1600000US4737640,"Jackson city, Tennessee",68114,20502314
1347,1600000US4738320,"Johnson City city, Tennessee",70889,21337589
1348,1600000US4740000,"Knoxville city, Tennessee",192657,57989757
1349,1600000US4748000,"Memphis city, Tennessee",628118,189063518
1350,1600000US4751560,"Murfreesboro city, Tennessee",157509,47410209
1351,1600000US4752006,"Nashville-Davidson metropolitan government (balance), Tennessee",678845,204332345
1352,1600000US4801000,"Abilene city, Texas",129601,39009901
1353,1600000US4801924,"Allen city, Texas",106868,32167268
1354,1600000US4803000,"Amarillo city, Texas",198781,59833081
1355,1600000US4804000,"Arlington city, Texas",392802,118233402
1356,1600000US4804462,"Atascocita CDP, Texas",85808,25828208
1357,1600000US4805000,"Austin city, Texas",964000,290164000
1358,1600000US4806128,"Baytown city, Texas",79676,23982476
1359,1600000US4807000,"Beaumont city, Texas",112559,33880259
1360,1600000US4810768,"Brownsville city, Texas",187840,56539840
1361,1600000US4810912,"Bryan city, Texas",86851,26142151
1362,1600000US4813024,"Carrollton city, Texas",132569,39903269
1363,1600000US4813552,"Cedar Park city, Texas",78326,23576126
1364,1600000US4815976,"College Station city, Texas",120032,36129632
1365,1600000US4816432,"Conroe city, Texas",94401,28414701
1366,1600000US4817000,"Corpus Christi city, Texas",317768,95648168
1367,1600000US4819000,"Dallas city, Texas",1288441,387820741
1368,1600000US4819972,"Denton city, Texas",148139,44589839
1369,1600000US4822660,"Edinburg city, Texas",102477,30845577
1370,1600000US4824000,"El Paso city, Texas",678422,204205022
1371,1600000US4826232,"Flower Mound town, Texas",78375,23590875
1372,1600000US4827000,"Fort Worth city, Texas",940437,283071537
1373,1600000US4827684,"Frisco city, Texas",210735,63431235
1374,1600000US4829000,"Garland city, Texas",241870,72802870
1375,1600000US4829336,"Georgetown city, Texas",75407,22697507
1376,1600000US4830464,"Grand Prairie city, Texas",197338,59398738
1377,1600000US4832372,"Harlingen city, Texas",71928,21650328
1378,1600000US4835000,"Houston city, Texas",2287047,688401147
1379,1600000US4837000,"Irving city, Texas",254190,76511190
1380,1600000US4839148,"Killeen city, Texas",156260,47034260
1381,1600000US4841464,"Laredo city, Texas",258014,77662214
1382,1600000US4841980,"League City city, Texas",114664,34513864
1383,1600000US4842016,"Leander city, Texas",68993,20766893
1384,1600000US4842508,"Lewisville city, Texas",112853,33968753
1385,1600000US4843888,"Longview city, Texas",81877,24644977
1386,1600000US4845000,"Lubbock city, Texas",260990,78557990
1387,1600000US4845384,"McAllen city, Texas",143922,43320522
1388,1600000US4845744,"McKinney city, Texas",202680,61006680
1389,1600000US4846452,"Mansfield city, Texas",74106,22305906
1390,1600000US4847892,"Mesquite city, Texas",148087,44574187
1391,1600000US4848072,"Midland city, Texas",131292,39518892
1392,1600000US4848768,"Mission city, Texas",86215,25950715
1393,1600000US4848804,"Missouri City city, Texas",76462,23015062
1394,1600000US4850820,"New Braunfels city, Texas",96630,29085630
1395,1600000US4852356,"North Richland Hills city, Texas",70212,21133812
1396,1600000US4853388,"Odessa city, Texas",116436,35047236
1397,1600000US4856000,"Pasadena city, Texas",148629,44737329
1398,1600000US4856348,"Pearland city, Texas",120694,36328894
1399,1600000US4857176,"Pflugerville city, Texas",66700,20076700
1400,1600000US4857200,"Pharr city, Texas",79697,23988797
1401,1600000US4858016,"Plano city, Texas",287037,86398137
1402,1600000US4861796,"Richardson city, Texas",116369,35027069
1403,1600000US4863500,"Round Rock city, Texas",127130,38266130
1404,1600000US4864472,"San Angelo city, Texas",101063,30419963
1405,1600000US4865000,"San Antonio city, Texas",1451863,437010763
1406,1600000US4865600,"San Marcos city, Texas",68578,20641978
1407,1600000US4869596,"Spring CDP, Texas",71893,21639793
1408,1600000US4870808,"Sugar Land city, Texas",109337,32910437
1409,1600000US4872176,"Temple city, Texas",85428,25713828
1410,1600000US4872656,"The Woodlands CDP, Texas",116251,34991551
1411,1600000US4874144,"Tyler city, Texas",107199,32266899
1412,1600000US4875428,"Victoria city, Texas",65384,19680584
1413,1600000US4876000,"Waco city, Texas",139601,42019901
1414,1600000US4879000,"Wichita Falls city, Texas",102986,30998786
1415,1600000US4943660,"Layton city, Utah",83299,25072999
1416,1600000US4944320,"Lehi city, Utah",79979,24073679
1417,1600000US4955980,"Ogden city, Utah",86800,26126800
1418,1600000US4957300,"Orem city, Utah",97872,29459472
1419,1600000US4962470,"Provo city, Utah",114085,34339585
1420,1600000US4965330,"St. George city, Utah",99965,30089465
1421,1600000US4967000,"Salt Lake City city, Utah",200475,60342975
1422,1600000US4967440,"Sandy city, Utah",95038,28606438
1423,1600000US4970850,"South Jordan city, Utah",80142,24122742
1424,1600000US4982950,"West Jordan city, Utah",116544,35079744
1425,1600000US4983470,"West Valley City city, Utah",139094,41867294
1426,1600000US5101000,"Alexandria city, Virginia",154706,46566506
1427,1600000US5103000,"Arlington CDP, Virginia",232965,70122465
1428,1600000US5114440,"Centreville CDP, Virginia",75010,22578010
1429,1600000US5116000,"Chesapeake city, Virginia",251269,75631969
1430,1600000US5121088,"Dale City CDP, Virginia",79782,24014382
1431,1600000US5135000,"Hampton city, Virginia",137746,41461546
1432,1600000US5147672,"Lynchburg city, Virginia",79009,23781709
1433,1600000US5156000,"Newport News city, Virginia",184587,55560687
1434,1600000US5157000,"Norfolk city, Virginia",235089,70761789
1435,1600000US5164000,"Portsmouth city, Virginia",97840,29449840
1436,1600000US5167000,"Richmond city, Virginia",226604,68207804
1437,1600000US5168000,"Roanoke city, Virginia",98865,29758365
1438,1600000US5176432,"Suffolk city, Virginia",96194,28954394
1439,1600000US5182000,"Virginia Beach city, Virginia",457672,137759272
1440,1600000US5303180,"Auburn city, Washington",87061,26205361
1441,1600000US5305210,"Bellevue city, Washington",149429,44978129
1442,1600000US5305280,"Bellingham city, Washington",92290,27779290
1443,1600000US5322640,"Everett city, Washington",110820,33356820
1444,1600000US5323515,"Federal Way city, Washington",99028,29807428
1445,1600000US5335275,"Kennewick city, Washington",84478,25427878
1446,1600000US5335415,"Kent city, Washington",134837,40585937
1447,1600000US5335940,"Kirkland city, Washington",92105,27723605
1448,1600000US5343955,"Marysville city, Washington",71151,21416451
1449,1600000US5353545,"Pasco city, Washington",84190,25341190
1450,1600000US5357535,"Redmond city, Washington",76360,22984360
1451,1600000US5357745,"Renton city, Washington",105200,31665200
1452,1600000US5361115,"Sammamish city, Washington",66630,20055630
1453,1600000US5363000,"Seattle city, Washington",733904,220905104
1454,1600000US5365922,"South Hill CDP, Washington",66875,20129375
1455,1600000US5367000,"Spokane city, Washington",229065,68948565
1456,1600000US5367167,"Spokane Valley city, Washington",105912,31879512
1457,1600000US5370000,"Tacoma city, Washington",219203,65980103
1458,1600000US5374060,"Vancouver city, Washington",192176,57844976
1459,1600000US5380010,"Yakima city, Washington",96565,29066065
1460,1600000US5502375,"Appleton city, Wisconsin",72951,21958251
1461,1600000US5522300,"Eau Claire city, Wisconsin",69196,20827996
1462,1600000US5531000,"Green Bay city, Wisconsin",107020,32213020
1463,1600000US5537825,"Janesville city, Wisconsin",65953,19851853
1464,1600000US5539225,"Kenosha city, Wisconsin",99285,29884785
1465,1600000US5548000,"Madison city, Wisconsin",269162,81017762
1466,1600000US5553000,"Milwaukee city, Wisconsin",569326,171367126
1467,1600000US5560500,"Oshkosh city, Wisconsin",66594,20044794
1468,1600000US5566000,"Racine city, Wisconsin",77131,23216431
1469,1600000US5584250,"Waukesha city, Wisconsin",71254,21447454
1470,1600000US5613900,"Cheyenne city, Wyoming",65048,19579448
1471,1600000US7206593,"Bayamón zona urbana, Puerto Rico",168592,50746192
1472,1600000US7210334,"Caguas zona urbana, Puerto Rico",76577,23049677
1473,1600000US7214290,"Carolina zona urbana, Puerto Rico",141050,42456050
1474,1600000US7232522,"Guaynabo zona urbana, Puerto Rico",72088,21698488
1475,1600000US7263820,"Ponce zona urbana, Puerto Rico",112005,33713505
1476,1600000US7276770,"San Juan zona urbana, Puerto Rico",320456,96457256
